2026-07-20T23:13:34.902-0400 [DEBUG] [org.gradle.launcher.daemon.bootstrap.DaemonMain] Assuming the daemon was started with following jvm opts: [--add-opens=java.base/java.util=ALL-UNNAMED, --add-opens=java.base/java.lang=ALL-UNNAMED, --add-opens=java.base/java.lang.invoke=ALL-UNNAMED, --add-opens=java.prefs/java.util.prefs=ALL-UNNAMED, --add-opens=java.base/java.nio.charset=ALL-UNNAMED, --add-opens=java.base/java.net=ALL-UNNAMED, --add-opens=java.base/java.util.concurrent.atomic=ALL-UNNAMED, -Dfile.encoding=UTF-8, -Duser.country=CL, -Duser.language=es, -Duser.variant]
2026-07-20T23:13:35.029-0400 [DEBUG] [org.gradle.internal.nativeintegration.services.NativeServices] Native-platform posix files integration is not available. Continuing with fallback.
2026-07-20T23:13:35.040-0400 [INFO] [org.gradle.launcher.daemon.server.Daemon] start() called on daemon - DefaultDaemonContext[uid=1fb3321f-ca31-49ec-b08c-de7d2ccf7565,javaHome=C:\Users\vmunoz2\.jdks\ms-17.0.19,daemonRegistryDir=C:\Users\vmunoz2\IdeaProjects\simpleTestAutomation\gradle\daemon,pid=1380,idleTimeout=10800000,priority=NORMAL,applyInstrumentationAgent=true,daemonOpts=--add-opens=java.base/java.util=ALL-UNNAMED,--add-opens=java.base/java.lang=ALL-UNNAMED,--add-opens=java.base/java.lang.invoke=ALL-UNNAMED,--add-opens=java.prefs/java.util.prefs=ALL-UNNAMED,--add-opens=java.base/java.nio.charset=ALL-UNNAMED,--add-opens=java.base/java.net=ALL-UNNAMED,--add-opens=java.base/java.util.concurrent.atomic=ALL-UNNAMED,-Dfile.encoding=UTF-8,-Duser.country=CL,-Duser.language=es,-Duser.variant]
2026-07-20T23:13:35.125-0400 [DEBUG] [org.gradle.internal.remote.internal.inet.InetAddresses] Adding IP addresses for network interface Software Loopback Interface 1
2026-07-20T23:13:35.127-0400 [DEBUG] [org.gradle.internal.remote.internal.inet.InetAddresses] Is this a loopback interface? true
2026-07-20T23:13:35.127-0400 [DEBUG] [org.gradle.internal.remote.internal.inet.InetAddresses] Adding loopback address /127.0.0.1
2026-07-20T23:13:35.128-0400 [DEBUG] [org.gradle.internal.remote.internal.inet.InetAddresses] Adding loopback address /0:0:0:0:0:0:0:1
2026-07-20T23:13:35.128-0400 [DEBUG] [org.gradle.internal.remote.internal.inet.InetAddresses] Adding IP addresses for network interface Microsoft 6to4 Adapter
2026-07-20T23:13:35.130-0400 [DEBUG] [org.gradle.internal.remote.internal.inet.InetAddresses] Is this a loopback interface? false
2026-07-20T23:13:35.130-0400 [DEBUG] [org.gradle.internal.remote.internal.inet.InetAddresses] Adding IP addresses for network interface WAN Miniport (Network Monitor)
2026-07-20T23:13:35.132-0400 [DEBUG] [org.gradle.internal.remote.internal.inet.InetAddresses] Is this a loopback interface? false
2026-07-20T23:13:35.133-0400 [DEBUG] [org.gradle.internal.remote.internal.inet.InetAddresses] Adding IP addresses for network interface Bluetooth Device (Personal Area Network) #2
2026-07-20T23:13:35.135-0400 [DEBUG] [org.gradle.internal.remote.internal.inet.InetAddresses] Is this a loopback interface? false
2026-07-20T23:13:35.135-0400 [DEBUG] [org.gradle.internal.remote.internal.inet.InetAddresses] Adding IP addresses for network interface Microsoft IP-HTTPS Platform Adapter
2026-07-20T23:13:35.137-0400 [DEBUG] [org.gradle.internal.remote.internal.inet.InetAddresses] Is this a loopback interface? false
2026-07-20T23:13:35.137-0400 [DEBUG] [org.gradle.internal.remote.internal.inet.InetAddresses] Adding IP addresses for network interface Microsoft Kernel Debug Network Adapter
2026-07-20T23:13:35.139-0400 [DEBUG] [org.gradle.internal.remote.internal.inet.InetAddresses] Is this a loopback interface? false
2026-07-20T23:13:35.140-0400 [DEBUG] [org.gradle.internal.remote.internal.inet.InetAddresses] Adding IP addresses for network interface WAN Miniport (IP)
2026-07-20T23:13:35.142-0400 [DEBUG] [org.gradle.internal.remote.internal.inet.InetAddresses] Is this a loopback interface? false
2026-07-20T23:13:35.142-0400 [DEBUG] [org.gradle.internal.remote.internal.inet.InetAddresses] Adding IP addresses for network interface Realtek PCIe GbE Family Controller
2026-07-20T23:13:35.144-0400 [DEBUG] [org.gradle.internal.remote.internal.inet.InetAddresses] Is this a loopback interface? false
2026-07-20T23:13:35.145-0400 [DEBUG] [org.gradle.internal.remote.internal.inet.InetAddresses] Adding IP addresses for network interface Intel(R) Wi-Fi 6 AX201 160MHz
2026-07-20T23:13:35.146-0400 [DEBUG] [org.gradle.internal.remote.internal.inet.InetAddresses] Is this a loopback interface? false
2026-07-20T23:13:35.147-0400 [DEBUG] [org.gradle.internal.remote.internal.inet.InetAddresses] Adding remote address /192.168.50.172
2026-07-20T23:13:35.147-0400 [DEBUG] [org.gradle.internal.remote.internal.inet.InetAddresses] Adding remote address /fe80:0:0:0:9723:a710:fba2:768b%wlan0
2026-07-20T23:13:35.147-0400 [DEBUG] [org.gradle.internal.remote.internal.inet.InetAddresses] Adding IP addresses for network interface Microsoft Teredo Tunneling Adapter
2026-07-20T23:13:35.149-0400 [DEBUG] [org.gradle.internal.remote.internal.inet.InetAddresses] Is this a loopback interface? false
2026-07-20T23:13:35.149-0400 [DEBUG] [org.gradle.internal.remote.internal.inet.InetAddresses] Adding IP addresses for network interface Realtek PCIe GbE Family Controller #2
2026-07-20T23:13:35.151-0400 [DEBUG] [org.gradle.internal.remote.internal.inet.InetAddresses] Is this a loopback interface? false
2026-07-20T23:13:35.151-0400 [DEBUG] [org.gradle.internal.remote.internal.inet.InetAddresses] Adding remote address /fe80:0:0:0:e7e7:2324:588:696a%eth5
2026-07-20T23:13:35.151-0400 [DEBUG] [org.gradle.internal.remote.internal.inet.InetAddresses] Adding IP addresses for network interface WAN Miniport (L2TP)
2026-07-20T23:13:35.153-0400 [DEBUG] [org.gradle.internal.remote.internal.inet.InetAddresses] Is this a loopback interface? false
2026-07-20T23:13:35.153-0400 [DEBUG] [org.gradle.internal.remote.internal.inet.InetAddresses] Adding IP addresses for network interface WAN Miniport (PPPOE)
2026-07-20T23:13:35.155-0400 [DEBUG] [org.gradle.internal.remote.internal.inet.InetAddresses] Is this a loopback interface? false
2026-07-20T23:13:35.156-0400 [DEBUG] [org.gradle.internal.remote.internal.inet.InetAddresses] Adding IP addresses for network interface WAN Miniport (IKEv2)
2026-07-20T23:13:35.158-0400 [DEBUG] [org.gradle.internal.remote.internal.inet.InetAddresses] Is this a loopback interface? false
2026-07-20T23:13:35.158-0400 [DEBUG] [org.gradle.internal.remote.internal.inet.InetAddresses] Adding IP addresses for network interface Microsoft Wi-Fi Direct Virtual Adapter
2026-07-20T23:13:35.160-0400 [DEBUG] [org.gradle.internal.remote.internal.inet.InetAddresses] Is this a loopback interface? false
2026-07-20T23:13:35.160-0400 [DEBUG] [org.gradle.internal.remote.internal.inet.InetAddresses] Adding remote address /fe80:0:0:0:45d2:92bc:322c:779%wlan1
2026-07-20T23:13:35.160-0400 [DEBUG] [org.gradle.internal.remote.internal.inet.InetAddresses] Adding IP addresses for network interface WAN Miniport (PPTP)
2026-07-20T23:13:35.162-0400 [DEBUG] [org.gradle.internal.remote.internal.inet.InetAddresses] Is this a loopback interface? false
2026-07-20T23:13:35.162-0400 [DEBUG] [org.gradle.internal.remote.internal.inet.InetAddresses] Adding IP addresses for network interface Bluetooth Device (Personal Area Network)
2026-07-20T23:13:35.164-0400 [DEBUG] [org.gradle.internal.remote.internal.inet.InetAddresses] Is this a loopback interface? false
2026-07-20T23:13:35.164-0400 [DEBUG] [org.gradle.internal.remote.internal.inet.InetAddresses] Adding IP addresses for network interface WAN Miniport (SSTP)
2026-07-20T23:13:35.166-0400 [DEBUG] [org.gradle.internal.remote.internal.inet.InetAddresses] Is this a loopback interface? false
2026-07-20T23:13:35.166-0400 [DEBUG] [org.gradle.internal.remote.internal.inet.InetAddresses] Adding IP addresses for network interface WAN Miniport (IPv6)
2026-07-20T23:13:35.168-0400 [DEBUG] [org.gradle.internal.remote.internal.inet.InetAddresses] Is this a loopback interface? false
2026-07-20T23:13:35.168-0400 [DEBUG] [org.gradle.internal.remote.internal.inet.InetAddresses] Adding IP addresses for network interface Microsoft Wi-Fi Direct Virtual Adapter #2
2026-07-20T23:13:35.170-0400 [DEBUG] [org.gradle.internal.remote.internal.inet.InetAddresses] Is this a loopback interface? false
2026-07-20T23:13:35.170-0400 [DEBUG] [org.gradle.internal.remote.internal.inet.InetAddresses] Adding remote address /fe80:0:0:0:8103:8075:5633:79c1%wlan2
2026-07-20T23:13:35.170-0400 [DEBUG] [org.gradle.internal.remote.internal.inet.InetAddresses] Adding IP addresses for network interface Realtek USB GbE Family Controller
2026-07-20T23:13:35.172-0400 [DEBUG] [org.gradle.internal.remote.internal.inet.InetAddresses] Is this a loopback interface? false
2026-07-20T23:13:35.172-0400 [DEBUG] [org.gradle.internal.remote.internal.inet.InetAddresses] Adding IP addresses for network interface Realtek PCIe GbE Family Controller #2-WFP Native MAC Layer LightWeight Filter-0000
2026-07-20T23:13:35.174-0400 [DEBUG] [org.gradle.internal.remote.internal.inet.InetAddresses] Is this a loopback interface? false
2026-07-20T23:13:35.174-0400 [DEBUG] [org.gradle.internal.remote.internal.inet.InetAddresses] Adding IP addresses for network interface Realtek PCIe GbE Family Controller #2-Cspcap Packet Driver (CSPCAP)-0000
2026-07-20T23:13:35.176-0400 [DEBUG] [org.gradle.internal.remote.internal.inet.InetAddresses] Is this a loopback interface? false
2026-07-20T23:13:35.176-0400 [DEBUG] [org.gradle.internal.remote.internal.inet.InetAddresses] Adding IP addresses for network interface Realtek PCIe GbE Family Controller #2-QoS Packet Scheduler-0000
2026-07-20T23:13:35.178-0400 [DEBUG] [org.gradle.internal.remote.internal.inet.InetAddresses] Is this a loopback interface? false
2026-07-20T23:13:35.178-0400 [DEBUG] [org.gradle.internal.remote.internal.inet.InetAddresses] Adding IP addresses for network interface Realtek PCIe GbE Family Controller #2-WFP 802.3 MAC Layer LightWeight Filter-0000
2026-07-20T23:13:35.180-0400 [DEBUG] [org.gradle.internal.remote.internal.inet.InetAddresses] Is this a loopback interface? false
2026-07-20T23:13:35.180-0400 [DEBUG] [org.gradle.internal.remote.internal.inet.InetAddresses] Adding IP addresses for network interface Intel(R) Wi-Fi 6 AX201 160MHz-WFP Native MAC Layer LightWeight Filter-0000
2026-07-20T23:13:35.182-0400 [DEBUG] [org.gradle.internal.remote.internal.inet.InetAddresses] Is this a loopback interface? false
2026-07-20T23:13:35.182-0400 [DEBUG] [org.gradle.internal.remote.internal.inet.InetAddresses] Adding IP addresses for network interface Intel(R) Wi-Fi 6 AX201 160MHz-Virtual WiFi Filter Driver-0000
2026-07-20T23:13:35.184-0400 [DEBUG] [org.gradle.internal.remote.internal.inet.InetAddresses] Is this a loopback interface? false
2026-07-20T23:13:35.185-0400 [DEBUG] [org.gradle.internal.remote.internal.inet.InetAddresses] Adding IP addresses for network interface Intel(R) Wi-Fi 6 AX201 160MHz-Native WiFi Filter Driver-0000
2026-07-20T23:13:35.187-0400 [DEBUG] [org.gradle.internal.remote.internal.inet.InetAddresses] Is this a loopback interface? false
2026-07-20T23:13:35.187-0400 [DEBUG] [org.gradle.internal.remote.internal.inet.InetAddresses] Adding IP addresses for network interface Intel(R) Wi-Fi 6 AX201 160MHz-Cspcap Packet Driver (CSPCAP)-0000
2026-07-20T23:13:35.189-0400 [DEBUG] [org.gradle.internal.remote.internal.inet.InetAddresses] Is this a loopback interface? false
2026-07-20T23:13:35.189-0400 [DEBUG] [org.gradle.internal.remote.internal.inet.InetAddresses] Adding IP addresses for network interface Intel(R) Wi-Fi 6 AX201 160MHz-QoS Packet Scheduler-0000
2026-07-20T23:13:35.191-0400 [DEBUG] [org.gradle.internal.remote.internal.inet.InetAddresses] Is this a loopback interface? false
2026-07-20T23:13:35.191-0400 [DEBUG] [org.gradle.internal.remote.internal.inet.InetAddresses] Adding IP addresses for network interface Intel(R) Wi-Fi 6 AX201 160MHz-WFP 802.3 MAC Layer LightWeight Filter-0000
2026-07-20T23:13:35.193-0400 [DEBUG] [org.gradle.internal.remote.internal.inet.InetAddresses] Is this a loopback interface? false
2026-07-20T23:13:35.193-0400 [DEBUG] [org.gradle.internal.remote.internal.inet.InetAddresses] Adding IP addresses for network interface Microsoft Wi-Fi Direct Virtual Adapter-WFP Native MAC Layer LightWeight Filter-0000
2026-07-20T23:13:35.195-0400 [DEBUG] [org.gradle.internal.remote.internal.inet.InetAddresses] Is this a loopback interface? false
2026-07-20T23:13:35.195-0400 [DEBUG] [org.gradle.internal.remote.internal.inet.InetAddresses] Adding IP addresses for network interface Microsoft Wi-Fi Direct Virtual Adapter-Native WiFi Filter Driver-0000
2026-07-20T23:13:35.197-0400 [DEBUG] [org.gradle.internal.remote.internal.inet.InetAddresses] Is this a loopback interface? false
2026-07-20T23:13:35.197-0400 [DEBUG] [org.gradle.internal.remote.internal.inet.InetAddresses] Adding IP addresses for network interface Microsoft Wi-Fi Direct Virtual Adapter-Cspcap Packet Driver (CSPCAP)-0000
2026-07-20T23:13:35.199-0400 [DEBUG] [org.gradle.internal.remote.internal.inet.InetAddresses] Is this a loopback interface? false
2026-07-20T23:13:35.199-0400 [DEBUG] [org.gradle.internal.remote.internal.inet.InetAddresses] Adding IP addresses for network interface Microsoft Wi-Fi Direct Virtual Adapter-QoS Packet Scheduler-0000
2026-07-20T23:13:35.201-0400 [DEBUG] [org.gradle.internal.remote.internal.inet.InetAddresses] Is this a loopback interface? false
2026-07-20T23:13:35.201-0400 [DEBUG] [org.gradle.internal.remote.internal.inet.InetAddresses] Adding IP addresses for network interface Microsoft Wi-Fi Direct Virtual Adapter-WFP 802.3 MAC Layer LightWeight Filter-0000
2026-07-20T23:13:35.203-0400 [DEBUG] [org.gradle.internal.remote.internal.inet.InetAddresses] Is this a loopback interface? false
2026-07-20T23:13:35.203-0400 [DEBUG] [org.gradle.internal.remote.internal.inet.InetAddresses] Adding IP addresses for network interface WAN Miniport (IP)-WFP Native MAC Layer LightWeight Filter-0000
2026-07-20T23:13:35.205-0400 [DEBUG] [org.gradle.internal.remote.internal.inet.InetAddresses] Is this a loopback interface? false
2026-07-20T23:13:35.205-0400 [DEBUG] [org.gradle.internal.remote.internal.inet.InetAddresses] Adding IP addresses for network interface WAN Miniport (IP)-Cspcap Packet Driver (CSPCAP)-0000
2026-07-20T23:13:35.207-0400 [DEBUG] [org.gradle.internal.remote.internal.inet.InetAddresses] Is this a loopback interface? false
2026-07-20T23:13:35.207-0400 [DEBUG] [org.gradle.internal.remote.internal.inet.InetAddresses] Adding IP addresses for network interface WAN Miniport (IP)-QoS Packet Scheduler-0000
2026-07-20T23:13:35.210-0400 [DEBUG] [org.gradle.internal.remote.internal.inet.InetAddresses] Is this a loopback interface? false
2026-07-20T23:13:35.210-0400 [DEBUG] [org.gradle.internal.remote.internal.inet.InetAddresses] Adding IP addresses for network interface WAN Miniport (IPv6)-WFP Native MAC Layer LightWeight Filter-0000
2026-07-20T23:13:35.213-0400 [DEBUG] [org.gradle.internal.remote.internal.inet.InetAddresses] Is this a loopback interface? false
2026-07-20T23:13:35.213-0400 [DEBUG] [org.gradle.internal.remote.internal.inet.InetAddresses] Adding IP addresses for network interface WAN Miniport (IPv6)-Cspcap Packet Driver (CSPCAP)-0000
2026-07-20T23:13:35.215-0400 [DEBUG] [org.gradle.internal.remote.internal.inet.InetAddresses] Is this a loopback interface? false
2026-07-20T23:13:35.215-0400 [DEBUG] [org.gradle.internal.remote.internal.inet.InetAddresses] Adding IP addresses for network interface WAN Miniport (IPv6)-QoS Packet Scheduler-0000
2026-07-20T23:13:35.217-0400 [DEBUG] [org.gradle.internal.remote.internal.inet.InetAddresses] Is this a loopback interface? false
2026-07-20T23:13:35.217-0400 [DEBUG] [org.gradle.internal.remote.internal.inet.InetAddresses] Adding IP addresses for network interface WAN Miniport (Network Monitor)-WFP Native MAC Layer LightWeight Filter-0000
2026-07-20T23:13:35.219-0400 [DEBUG] [org.gradle.internal.remote.internal.inet.InetAddresses] Is this a loopback interface? false
2026-07-20T23:13:35.219-0400 [DEBUG] [org.gradle.internal.remote.internal.inet.InetAddresses] Adding IP addresses for network interface WAN Miniport (Network Monitor)-Cspcap Packet Driver (CSPCAP)-0000
2026-07-20T23:13:35.221-0400 [DEBUG] [org.gradle.internal.remote.internal.inet.InetAddresses] Is this a loopback interface? false
2026-07-20T23:13:35.222-0400 [DEBUG] [org.gradle.internal.remote.internal.inet.InetAddresses] Adding IP addresses for network interface WAN Miniport (Network Monitor)-QoS Packet Scheduler-0000
2026-07-20T23:13:35.224-0400 [DEBUG] [org.gradle.internal.remote.internal.inet.InetAddresses] Is this a loopback interface? false
2026-07-20T23:13:35.224-0400 [DEBUG] [org.gradle.internal.remote.internal.inet.InetAddresses] Adding IP addresses for network interface Microsoft Wi-Fi Direct Virtual Adapter #2-WFP Native MAC Layer LightWeight Filter-0000
2026-07-20T23:13:35.226-0400 [DEBUG] [org.gradle.internal.remote.internal.inet.InetAddresses] Is this a loopback interface? false
2026-07-20T23:13:35.226-0400 [DEBUG] [org.gradle.internal.remote.internal.inet.InetAddresses] Adding IP addresses for network interface Microsoft Wi-Fi Direct Virtual Adapter #2-Native WiFi Filter Driver-0000
2026-07-20T23:13:35.228-0400 [DEBUG] [org.gradle.internal.remote.internal.inet.InetAddresses] Is this a loopback interface? false
2026-07-20T23:13:35.228-0400 [DEBUG] [org.gradle.internal.remote.internal.inet.InetAddresses] Adding IP addresses for network interface Microsoft Wi-Fi Direct Virtual Adapter #2-Cspcap Packet Driver (CSPCAP)-0000
2026-07-20T23:13:35.230-0400 [DEBUG] [org.gradle.internal.remote.internal.inet.InetAddresses] Is this a loopback interface? false
2026-07-20T23:13:35.230-0400 [DEBUG] [org.gradle.internal.remote.internal.inet.InetAddresses] Adding IP addresses for network interface Microsoft Wi-Fi Direct Virtual Adapter #2-QoS Packet Scheduler-0000
2026-07-20T23:13:35.232-0400 [DEBUG] [org.gradle.internal.remote.internal.inet.InetAddresses] Is this a loopback interface? false
2026-07-20T23:13:35.232-0400 [DEBUG] [org.gradle.internal.remote.internal.inet.InetAddresses] Adding IP addresses for network interface Microsoft Wi-Fi Direct Virtual Adapter #2-WFP 802.3 MAC Layer LightWeight Filter-0000
2026-07-20T23:13:35.234-0400 [DEBUG] [org.gradle.internal.remote.internal.inet.InetAddresses] Is this a loopback interface? false
2026-07-20T23:13:35.240-0400 [DEBUG] [org.gradle.internal.remote.internal.inet.TcpIncomingConnector] Listening on [df38822c-fac1-46f1-97b8-662562588fae port:58130, addresses:[localhost/127.0.0.1]].
2026-07-20T23:13:35.257-0400 [DEBUG] [org.gradle.launcher.daemon.server.Daemon] Daemon starting at: Mon Jul 20 23:13:35 CLT 2026, with address: [df38822c-fac1-46f1-97b8-662562588fae port:58130, addresses:[localhost/127.0.0.1]]
2026-07-20T23:13:35.257-0400 [INFO] [org.gradle.launcher.daemon.server.DaemonRegistryUpdater] Advertising the daemon address to the clients: [df38822c-fac1-46f1-97b8-662562588fae port:58130, addresses:[localhost/127.0.0.1]]
2026-07-20T23:13:35.257-0400 [DEBUG] [org.gradle.launcher.daemon.server.DaemonRegistryUpdater] Advertised daemon context: DefaultDaemonContext[uid=1fb3321f-ca31-49ec-b08c-de7d2ccf7565,javaHome=C:\Users\vmunoz2\.jdks\ms-17.0.19,daemonRegistryDir=C:\Users\vmunoz2\IdeaProjects\simpleTestAutomation\gradle\daemon,pid=1380,idleTimeout=10800000,priority=NORMAL,applyInstrumentationAgent=true,daemonOpts=--add-opens=java.base/java.util=ALL-UNNAMED,--add-opens=java.base/java.lang=ALL-UNNAMED,--add-opens=java.base/java.lang.invoke=ALL-UNNAMED,--add-opens=java.prefs/java.util.prefs=ALL-UNNAMED,--add-opens=java.base/java.nio.charset=ALL-UNNAMED,--add-opens=java.base/java.net=ALL-UNNAMED,--add-opens=java.base/java.util.concurrent.atomic=ALL-UNNAMED,-Dfile.encoding=UTF-8,-Duser.country=CL,-Duser.language=es,-Duser.variant]
2026-07-20T23:13:35.258-0400 [DEBUG] [org.gradle.launcher.daemon.registry.PersistentDaemonRegistry] Storing daemon address: [df38822c-fac1-46f1-97b8-662562588fae port:58130, addresses:[localhost/127.0.0.1]], context: DefaultDaemonContext[uid=1fb3321f-ca31-49ec-b08c-de7d2ccf7565,javaHome=C:\Users\vmunoz2\.jdks\ms-17.0.19,daemonRegistryDir=C:\Users\vmunoz2\IdeaProjects\simpleTestAutomation\gradle\daemon,pid=1380,idleTimeout=10800000,priority=NORMAL,applyInstrumentationAgent=true,daemonOpts=--add-opens=java.base/java.util=ALL-UNNAMED,--add-opens=java.base/java.lang=ALL-UNNAMED,--add-opens=java.base/java.lang.invoke=ALL-UNNAMED,--add-opens=java.prefs/java.util.prefs=ALL-UNNAMED,--add-opens=java.base/java.nio.charset=ALL-UNNAMED,--add-opens=java.base/java.net=ALL-UNNAMED,--add-opens=java.base/java.util.concurrent.atomic=ALL-UNNAMED,-Dfile.encoding=UTF-8,-Duser.country=CL,-Duser.language=es,-Duser.variant]
2026-07-20T23:13:35.270-0400 [DEBUG] [org.gradle.cache.internal.DefaultFileLockManager] Waiting to acquire exclusive lock on daemon addresses registry.
2026-07-20T23:13:35.273-0400 [DEBUG] [org.gradle.cache.internal.DefaultFileLockManager] Lock acquired on daemon addresses registry.
2026-07-20T23:13:35.277-0400 [DEBUG] [org.gradle.cache.internal.DefaultFileLockManager] Releasing lock on daemon addresses registry.
2026-07-20T23:13:35.278-0400 [LIFECYCLE] [org.gradle.launcher.daemon.server.Daemon] Daemon server started.
2026-07-20T23:13:35.279-0400 [DEBUG] [org.gradle.launcher.daemon.bootstrap.DaemonStartupCommunication] Completed writing the daemon greeting. Closing streams...
2026-07-20T23:13:35.284-0400 [DEBUG] [org.gradle.launcher.daemon.server.Daemon] stopOnExpiration() called on daemon
2026-07-20T23:13:35.285-0400 [DEBUG] [org.gradle.launcher.daemon.server.Daemon] awaitExpiration() called on daemon
2026-07-20T23:13:35.285-0400 [DEBUG] [org.gradle.launcher.daemon.server.DaemonStateCoordinator] daemon is running. Sleeping until state changes.
2026-07-20T23:13:35.308-0400 [DEBUG] [org.gradle.internal.remote.internal.inet.TcpIncomingConnector] Accepted connection from /127.0.0.1:58131 to /127.0.0.1:58130.
2026-07-20T23:13:35.376-0400 [DEBUG] [org.gradle.launcher.daemon.server.SynchronizedDispatchConnection] thread 22: received class org.gradle.launcher.daemon.protocol.Build
2026-07-20T23:13:35.376-0400 [DEBUG] [org.gradle.launcher.daemon.server.DefaultDaemonConnection] thread 22: Received non-IO message from client: Build{id=1c54e7fd-4928-4a0b-9254-61746348aa2a, currentDir=C:\Users\vmunoz2\IdeaProjects\simpleTestAutomation}
2026-07-20T23:13:35.377-0400 [INFO] [org.gradle.launcher.daemon.server.DefaultIncomingConnectionHandler] Received command: Build{id=1c54e7fd-4928-4a0b-9254-61746348aa2a, currentDir=C:\Users\vmunoz2\IdeaProjects\simpleTestAutomation}.
2026-07-20T23:13:35.377-0400 [DEBUG] [org.gradle.launcher.daemon.server.DefaultIncomingConnectionHandler] Starting executing command: Build{id=1c54e7fd-4928-4a0b-9254-61746348aa2a, currentDir=C:\Users\vmunoz2\IdeaProjects\simpleTestAutomation} with connection: socket connection from /127.0.0.1:58130 to /127.0.0.1:58131.
2026-07-20T23:13:35.379-0400 [DEBUG] [org.gradle.launcher.daemon.server.DaemonStateCoordinator] Command execution: started DaemonCommandExecution[command = Build{id=1c54e7fd-4928-4a0b-9254-61746348aa2a, currentDir=C:\Users\vmunoz2\IdeaProjects\simpleTestAutomation}, connection = DefaultDaemonConnection: socket connection from /127.0.0.1:58130 to /127.0.0.1:58131] after 0.0 minutes of idle
2026-07-20T23:13:35.379-0400 [INFO] [org.gradle.launcher.daemon.server.DaemonRegistryUpdater] Marking the daemon as busy, address: [df38822c-fac1-46f1-97b8-662562588fae port:58130, addresses:[localhost/127.0.0.1]]
2026-07-20T23:13:35.379-0400 [DEBUG] [org.gradle.launcher.daemon.registry.PersistentDaemonRegistry] Marking busy by address: [df38822c-fac1-46f1-97b8-662562588fae port:58130, addresses:[localhost/127.0.0.1]]
2026-07-20T23:13:35.380-0400 [DEBUG] [org.gradle.cache.internal.DefaultFileLockManager] Waiting to acquire exclusive lock on daemon addresses registry.
2026-07-20T23:13:35.380-0400 [DEBUG] [org.gradle.cache.internal.DefaultFileLockManager] Lock acquired on daemon addresses registry.
2026-07-20T23:13:35.381-0400 [DEBUG] [org.gradle.cache.internal.DefaultFileLockManager] Releasing lock on daemon addresses registry.
2026-07-20T23:13:35.382-0400 [DEBUG] [org.gradle.launcher.daemon.server.DaemonStateCoordinator] resetting idle timer
2026-07-20T23:13:35.382-0400 [DEBUG] [org.gradle.launcher.daemon.server.DaemonStateCoordinator] daemon is running. Sleeping until state changes.
2026-07-20T23:13:35.382-0400 [INFO] [org.gradle.launcher.daemon.server.exec.StartBuildOrRespondWithBusy] Daemon is about to start building Build{id=1c54e7fd-4928-4a0b-9254-61746348aa2a, currentDir=C:\Users\vmunoz2\IdeaProjects\simpleTestAutomation}. Dispatching build started information...
2026-07-20T23:13:35.382-0400 [DEBUG] [org.gradle.launcher.daemon.server.SynchronizedDispatchConnection] thread 24: dispatching org.gradle.launcher.daemon.protocol.BuildStarted@497d4a4a
2026-07-20T23:13:35.384-0400 [DEBUG] [org.gradle.launcher.daemon.server.exec.EstablishBuildEnvironment] Configuring env variables: [USERDOMAIN_ROAMINGPROFILE, PROCESSOR_LEVEL, SESSIONNAME, ALLUSERSPROFILE, PROCESSOR_ARCHITECTURE, PSModulePath, SystemDrive, EFC_3776_1262719628, EFC_3776_4126798990, USERNAME, USERDNSDOMAIN, ProgramFiles(x86), FPS_BROWSER_USER_PROFILE_STRING, EFC_3776_2775293581, PATHEXT, DriverData, EFC_3776_2283032206, ProgramData, ProgramW6432, HOMEPATH, PROCESSOR_IDENTIFIER, EFC_3776_1592913036, ProgramFiles, PUBLIC, windir, =::, ZES_ENABLE_SYSMAN, OneDriveCommercial, LOCALAPPDATA, USERDOMAIN, LOGONSERVER, FPS_BROWSER_APP_PROFILE_STRING, OneDrive, APPDATA, EFC_3776_3789132940, CommonProgramFiles, Path, OS, COMPUTERNAME, PROCESSOR_REVISION, CommonProgramW6432, ComSpec, UATDATA, TEMP, SystemRoot, HOMEDRIVE, USERPROFILE, TMP, CommonProgramFiles(x86), NUMBER_OF_PROCESSORS]
2026-07-20T23:13:35.389-0400 [DEBUG] [org.gradle.launcher.daemon.server.exec.LogToClient] About to start relaying all logs to the client via the connection.
2026-07-20T23:13:35.389-0400 [INFO] [org.gradle.launcher.daemon.server.exec.LogToClient] The client will now receive all logging from the daemon (pid: 1380). The daemon log file: C:\Users\vmunoz2\IdeaProjects\simpleTestAutomation\gradle\daemon\8.5\daemon-1380.out.log
2026-07-20T23:13:35.390-0400 [INFO] [org.gradle.launcher.daemon.server.exec.LogAndCheckHealth] Starting build in new daemon [memory: 3.9 GiB]
2026-07-20T23:13:35.392-0400 [DEBUG] [org.gradle.launcher.daemon.server.exec.ExecuteBuild] The daemon has started executing the build.
2026-07-20T23:13:35.392-0400 [DEBUG] [org.gradle.launcher.daemon.server.exec.ExecuteBuild] Executing build with daemon context: DefaultDaemonContext[uid=1fb3321f-ca31-49ec-b08c-de7d2ccf7565,javaHome=C:\Users\vmunoz2\.jdks\ms-17.0.19,daemonRegistryDir=C:\Users\vmunoz2\IdeaProjects\simpleTestAutomation\gradle\daemon,pid=1380,idleTimeout=10800000,priority=NORMAL,applyInstrumentationAgent=true,daemonOpts=--add-opens=java.base/java.util=ALL-UNNAMED,--add-opens=java.base/java.lang=ALL-UNNAMED,--add-opens=java.base/java.lang.invoke=ALL-UNNAMED,--add-opens=java.prefs/java.util.prefs=ALL-UNNAMED,--add-opens=java.base/java.nio.charset=ALL-UNNAMED,--add-opens=java.base/java.net=ALL-UNNAMED,--add-opens=java.base/java.util.concurrent.atomic=ALL-UNNAMED,-Dfile.encoding=UTF-8,-Duser.country=CL,-Duser.language=es,-Duser.variant]

BUILD SUCCESSFUL in 12s
2026-07-20T23:13:44.613-0400 [DEBUG] [org.gradle.launcher.daemon.server.exec.ExecuteBuild] The daemon has finished executing the build.
2026-07-20T23:13:44.631-0400 [DEBUG] [org.gradle.launcher.daemon.server.DaemonStateCoordinator] daemon is running. Sleeping until state changes.
2026-07-20T23:13:44.631-0400 [DEBUG] [org.gradle.launcher.daemon.server.DaemonStateCoordinator] Command execution: finished waiting for DaemonCommandExecution[command = Build{id=1c54e7fd-4928-4a0b-9254-61746348aa2a, currentDir=C:\Users\vmunoz2\IdeaProjects\simpleTestAutomation}, connection = DefaultDaemonConnection: socket connection from /127.0.0.1:58130 to /127.0.0.1:58131]. Result org.gradle.launcher.daemon.server.DaemonStateCoordinator@345b87ca with state Busy
2026-07-20T23:13:44.632-0400 [DEBUG] [org.gradle.launcher.daemon.server.DaemonStateCoordinator] Command execution: completed DaemonCommandExecution[command = Build{id=1c54e7fd-4928-4a0b-9254-61746348aa2a, currentDir=C:\Users\vmunoz2\IdeaProjects\simpleTestAutomation}, connection = DefaultDaemonConnection: socket connection from /127.0.0.1:58130 to /127.0.0.1:58131]
2026-07-20T23:13:44.632-0400 [DEBUG] [org.gradle.launcher.daemon.server.DaemonStateCoordinator] resetting idle timer
2026-07-20T23:13:44.632-0400 [INFO] [org.gradle.launcher.daemon.server.DaemonRegistryUpdater] Marking the daemon as idle, address: [df38822c-fac1-46f1-97b8-662562588fae port:58130, addresses:[localhost/127.0.0.1]]
2026-07-20T23:13:44.632-0400 [DEBUG] [org.gradle.launcher.daemon.registry.PersistentDaemonRegistry] Marking busy by address: [df38822c-fac1-46f1-97b8-662562588fae port:58130, addresses:[localhost/127.0.0.1]]
2026-07-20T23:13:44.650-0400 [DEBUG] [org.gradle.cache.internal.DefaultFileLockManager] Waiting to acquire exclusive lock on daemon addresses registry.
2026-07-20T23:13:44.651-0400 [DEBUG] [org.gradle.cache.internal.DefaultFileLockManager] Lock acquired on daemon addresses registry.
2026-07-20T23:13:44.654-0400 [DEBUG] [org.gradle.cache.internal.DefaultFileLockManager] Releasing lock on daemon addresses registry.
2026-07-20T23:13:44.655-0400 [DEBUG] [org.gradle.launcher.daemon.server.DaemonStateCoordinator] daemon is running. Sleeping until state changes.
2026-07-20T23:13:44.655-0400 [DEBUG] [org.gradle.launcher.daemon.server.exec.ReturnResult] Daemon is dispatching the build result: Success[value=org.gradle.launcher.exec.BuildActionResult@2dd5f0ac]
2026-07-20T23:13:44.656-0400 [DEBUG] [org.gradle.launcher.daemon.server.SynchronizedDispatchConnection] thread 21: dispatching Success[value=org.gradle.launcher.exec.BuildActionResult@2dd5f0ac]
2026-07-20T23:13:44.656-0400 [DEBUG] [org.gradle.launcher.daemon.server.DefaultIncomingConnectionHandler] Finishing executing command: Build{id=1c54e7fd-4928-4a0b-9254-61746348aa2a, currentDir=C:\Users\vmunoz2\IdeaProjects\simpleTestAutomation}
2026-07-20T23:13:44.657-0400 [DEBUG] [org.gradle.launcher.daemon.server.SynchronizedDispatchConnection] thread 22: received class org.gradle.launcher.daemon.protocol.CloseInput
2026-07-20T23:13:44.658-0400 [DEBUG] [org.gradle.launcher.daemon.server.DefaultDaemonConnection] thread 22: Received IO message from client: org.gradle.launcher.daemon.protocol.CloseInput@481bdf7d
2026-07-20T23:13:44.658-0400 [DEBUG] [org.gradle.launcher.daemon.server.SynchronizedDispatchConnection] thread 22: received class org.gradle.launcher.daemon.protocol.Finished
2026-07-20T23:13:44.658-0400 [DEBUG] [org.gradle.launcher.daemon.server.DefaultDaemonConnection] thread 22: Received non-IO message from client: org.gradle.launcher.daemon.protocol.Finished@1409003f
2026-07-20T23:13:44.659-0400 [DEBUG] [org.gradle.launcher.daemon.server.DefaultIncomingConnectionHandler] Received finished message: org.gradle.launcher.daemon.protocol.Finished@1409003f
2026-07-20T23:13:44.659-0400 [DEBUG] [org.gradle.launcher.daemon.server.SynchronizedDispatchConnection] thread 21: stopping connection
2026-07-20T23:13:44.659-0400 [DEBUG] [org.gradle.internal.remote.internal.inet.SocketConnection] Discarding EOFException: java.io.EOFException
2026-07-20T23:13:44.659-0400 [DEBUG] [org.gradle.launcher.daemon.server.SynchronizedDispatchConnection] thread 22: received null
2026-07-20T23:13:44.660-0400 [DEBUG] [org.gradle.launcher.daemon.server.DefaultDaemonConnection] thread 22: Received end-of-input from client.
2026-07-20T23:13:44.660-0400 [DEBUG] [org.gradle.launcher.daemon.server.SynchronizedDispatchConnection] thread 21: stopping connection
2026-07-20T23:13:45.553-0400 [DEBUG] [org.gradle.cache.internal.DefaultFileLockManager] Waiting to acquire shared lock on daemon addresses registry.
2026-07-20T23:13:45.554-0400 [DEBUG] [org.gradle.cache.internal.DefaultFileLockManager] Lock acquired on daemon addresses registry.
2026-07-20T23:13:45.720-0400 [DEBUG] [org.gradle.cache.internal.DefaultFileLockManager] Releasing lock on daemon addresses registry.
2026-07-20T23:13:45.723-0400 [DEBUG] [org.gradle.cache.internal.DefaultFileLockManager] Waiting to acquire shared lock on daemon addresses registry.
2026-07-20T23:13:45.724-0400 [DEBUG] [org.gradle.cache.internal.DefaultFileLockManager] Lock acquired on daemon addresses registry.
2026-07-20T23:13:45.725-0400 [DEBUG] [org.gradle.cache.internal.DefaultFileLockManager] Releasing lock on daemon addresses registry.
2026-07-20T23:13:55.298-0400 [DEBUG] [org.gradle.cache.internal.DefaultFileLockManager] Waiting to acquire shared lock on daemon addresses registry.
2026-07-20T23:13:55.298-0400 [DEBUG] [org.gradle.cache.internal.DefaultFileLockManager] Lock acquired on daemon addresses registry.
2026-07-20T23:13:55.299-0400 [DEBUG] [org.gradle.cache.internal.DefaultFileLockManager] Releasing lock on daemon addresses registry.
2026-07-20T23:13:55.301-0400 [DEBUG] [org.gradle.cache.internal.DefaultFileLockManager] Waiting to acquire shared lock on daemon addresses registry.
2026-07-20T23:13:55.301-0400 [DEBUG] [org.gradle.cache.internal.DefaultFileLockManager] Lock acquired on daemon addresses registry.
2026-07-20T23:13:55.301-0400 [DEBUG] [org.gradle.cache.internal.DefaultFileLockManager] Releasing lock on daemon addresses registry.
2026-07-20T23:13:55.302-0400 [DEBUG] [org.gradle.cache.internal.DefaultFileLockManager] Waiting to acquire shared lock on daemon addresses registry.
2026-07-20T23:13:55.302-0400 [DEBUG] [org.gradle.cache.internal.DefaultFileLockManager] Lock acquired on daemon addresses registry.
2026-07-20T23:13:55.302-0400 [DEBUG] [org.gradle.cache.internal.DefaultFileLockManager] Releasing lock on daemon addresses registry.
2026-07-20T23:14:05.298-0400 [DEBUG] [org.gradle.cache.internal.DefaultFileLockManager] Waiting to acquire shared lock on daemon addresses registry.
2026-07-20T23:14:05.298-0400 [DEBUG] [org.gradle.cache.internal.DefaultFileLockManager] Lock acquired on daemon addresses registry.
2026-07-20T23:14:05.298-0400 [DEBUG] [org.gradle.cache.internal.DefaultFileLockManager] Releasing lock on daemon addresses registry.
2026-07-20T23:14:05.300-0400 [DEBUG] [org.gradle.cache.internal.DefaultFileLockManager] Waiting to acquire shared lock on daemon addresses registry.
2026-07-20T23:14:05.300-0400 [DEBUG] [org.gradle.cache.internal.DefaultFileLockManager] Lock acquired on daemon addresses registry.
2026-07-20T23:14:05.300-0400 [DEBUG] [org.gradle.cache.internal.DefaultFileLockManager] Releasing lock on daemon addresses registry.
2026-07-20T23:14:05.301-0400 [DEBUG] [org.gradle.cache.internal.DefaultFileLockManager] Waiting to acquire shared lock on daemon addresses registry.
2026-07-20T23:14:05.302-0400 [DEBUG] [org.gradle.cache.internal.DefaultFileLockManager] Lock acquired on daemon addresses registry.
2026-07-20T23:14:05.302-0400 [DEBUG] [org.gradle.cache.internal.DefaultFileLockManager] Releasing lock on daemon addresses registry.
2026-07-20T23:14:15.302-0400 [DEBUG] [org.gradle.cache.internal.DefaultFileLockManager] Waiting to acquire shared lock on daemon addresses registry.
2026-07-20T23:14:15.303-0400 [DEBUG] [org.gradle.cache.internal.DefaultFileLockManager] Lock acquired on daemon addresses registry.
2026-07-20T23:14:15.304-0400 [DEBUG] [org.gradle.cache.internal.DefaultFileLockManager] Releasing lock on daemon addresses registry.
2026-07-20T23:14:15.306-0400 [DEBUG] [org.gradle.cache.internal.DefaultFileLockManager] Waiting to acquire shared lock on daemon addresses registry.
2026-07-20T23:14:15.306-0400 [DEBUG] [org.gradle.cache.internal.DefaultFileLockManager] Lock acquired on daemon addresses registry.
2026-07-20T23:14:15.306-0400 [DEBUG] [org.gradle.cache.internal.DefaultFileLockManager] Releasing lock on daemon addresses registry.
2026-07-20T23:14:15.308-0400 [DEBUG] [org.gradle.cache.internal.DefaultFileLockManager] Waiting to acquire shared lock on daemon addresses registry.
2026-07-20T23:14:15.308-0400 [DEBUG] [org.gradle.cache.internal.DefaultFileLockManager] Lock acquired on daemon addresses registry.
2026-07-20T23:14:15.308-0400 [DEBUG] [org.gradle.cache.internal.DefaultFileLockManager] Releasing lock on daemon addresses registry.
2026-07-20T23:14:25.298-0400 [DEBUG] [org.gradle.cache.internal.DefaultFileLockManager] Waiting to acquire shared lock on daemon addresses registry.
2026-07-20T23:14:25.298-0400 [DEBUG] [org.gradle.cache.internal.DefaultFileLockManager] Lock acquired on daemon addresses registry.
2026-07-20T23:14:25.299-0400 [DEBUG] [org.gradle.cache.internal.DefaultFileLockManager] Releasing lock on daemon addresses registry.
2026-07-20T23:14:25.301-0400 [DEBUG] [org.gradle.cache.internal.DefaultFileLockManager] Waiting to acquire shared lock on daemon addresses registry.
2026-07-20T23:14:25.301-0400 [DEBUG] [org.gradle.cache.internal.DefaultFileLockManager] Lock acquired on daemon addresses registry.
2026-07-20T23:14:25.302-0400 [DEBUG] [org.gradle.cache.internal.DefaultFileLockManager] Releasing lock on daemon addresses registry.
2026-07-20T23:14:25.302-0400 [DEBUG] [org.gradle.cache.internal.DefaultFileLockManager] Waiting to acquire shared lock on daemon addresses registry.
2026-07-20T23:14:25.302-0400 [DEBUG] [org.gradle.cache.internal.DefaultFileLockManager] Lock acquired on daemon addresses registry.
2026-07-20T23:14:25.303-0400 [DEBUG] [org.gradle.cache.internal.DefaultFileLockManager] Releasing lock on daemon addresses registry.
2026-07-20T23:14:35.288-0400 [DEBUG] [org.gradle.cache.internal.DefaultFileLockManager] Waiting to acquire shared lock on daemon addresses registry.
2026-07-20T23:14:35.288-0400 [DEBUG] [org.gradle.cache.internal.DefaultFileLockManager] Lock acquired on daemon addresses registry.
2026-07-20T23:14:35.289-0400 [DEBUG] [org.gradle.cache.internal.DefaultFileLockManager] Releasing lock on daemon addresses registry.
2026-07-20T23:14:35.290-0400 [DEBUG] [org.gradle.cache.internal.DefaultFileLockManager] Waiting to acquire shared lock on daemon addresses registry.
2026-07-20T23:14:35.290-0400 [DEBUG] [org.gradle.cache.internal.DefaultFileLockManager] Lock acquired on daemon addresses registry.
2026-07-20T23:14:35.290-0400 [DEBUG] [org.gradle.cache.internal.DefaultFileLockManager] Releasing lock on daemon addresses registry.
2026-07-20T23:14:35.291-0400 [DEBUG] [org.gradle.cache.internal.DefaultFileLockManager] Waiting to acquire shared lock on daemon addresses registry.
2026-07-20T23:14:35.292-0400 [DEBUG] [org.gradle.cache.internal.DefaultFileLockManager] Lock acquired on daemon addresses registry.
2026-07-20T23:14:35.292-0400 [DEBUG] [org.gradle.cache.internal.DefaultFileLockManager] Releasing lock on daemon addresses registry.
2026-07-20T23:14:45.291-0400 [DEBUG] [org.gradle.cache.internal.DefaultFileLockManager] Waiting to acquire shared lock on daemon addresses registry.
2026-07-20T23:14:45.291-0400 [DEBUG] [org.gradle.cache.internal.DefaultFileLockManager] Lock acquired on daemon addresses registry.
2026-07-20T23:14:45.292-0400 [DEBUG] [org.gradle.cache.internal.DefaultFileLockManager] Releasing lock on daemon addresses registry.
2026-07-20T23:14:45.293-0400 [DEBUG] [org.gradle.cache.internal.DefaultFileLockManager] Waiting to acquire shared lock on daemon addresses registry.
2026-07-20T23:14:45.294-0400 [DEBUG] [org.gradle.cache.internal.DefaultFileLockManager] Lock acquired on daemon addresses registry.
2026-07-20T23:14:45.294-0400 [DEBUG] [org.gradle.cache.internal.DefaultFileLockManager] Releasing lock on daemon addresses registry.
2026-07-20T23:14:45.294-0400 [DEBUG] [org.gradle.cache.internal.DefaultFileLockManager] Waiting to acquire shared lock on daemon addresses registry.
2026-07-20T23:14:45.294-0400 [DEBUG] [org.gradle.cache.internal.DefaultFileLockManager] Lock acquired on daemon addresses registry.
2026-07-20T23:14:45.295-0400 [DEBUG] [org.gradle.cache.internal.DefaultFileLockManager] Releasing lock on daemon addresses registry.
2026-07-20T23:14:55.293-0400 [DEBUG] [org.gradle.cache.internal.DefaultFileLockManager] Waiting to acquire shared lock on daemon addresses registry.
2026-07-20T23:14:55.294-0400 [DEBUG] [org.gradle.cache.internal.DefaultFileLockManager] Lock acquired on daemon addresses registry.
2026-07-20T23:14:55.294-0400 [DEBUG] [org.gradle.cache.internal.DefaultFileLockManager] Releasing lock on daemon addresses registry.
2026-07-20T23:14:55.296-0400 [DEBUG] [org.gradle.cache.internal.DefaultFileLockManager] Waiting to acquire shared lock on daemon addresses registry.
2026-07-20T23:14:55.297-0400 [DEBUG] [org.gradle.cache.internal.DefaultFileLockManager] Lock acquired on daemon addresses registry.
2026-07-20T23:14:55.297-0400 [DEBUG] [org.gradle.cache.internal.DefaultFileLockManager] Releasing lock on daemon addresses registry.
2026-07-20T23:14:55.297-0400 [DEBUG] [org.gradle.cache.internal.DefaultFileLockManager] Waiting to acquire shared lock on daemon addresses registry.
2026-07-20T23:14:55.298-0400 [DEBUG] [org.gradle.cache.internal.DefaultFileLockManager] Lock acquired on daemon addresses registry.
2026-07-20T23:14:55.298-0400 [DEBUG] [org.gradle.cache.internal.DefaultFileLockManager] Releasing lock on daemon addresses registry.
2026-07-20T23:15:05.300-0400 [DEBUG] [org.gradle.cache.internal.DefaultFileLockManager] Waiting to acquire shared lock on daemon addresses registry.
2026-07-20T23:15:05.301-0400 [DEBUG] [org.gradle.cache.internal.DefaultFileLockManager] Lock acquired on daemon addresses registry.
2026-07-20T23:15:05.301-0400 [DEBUG] [org.gradle.cache.internal.DefaultFileLockManager] Releasing lock on daemon addresses registry.
2026-07-20T23:15:05.303-0400 [DEBUG] [org.gradle.cache.internal.DefaultFileLockManager] Waiting to acquire shared lock on daemon addresses registry.
2026-07-20T23:15:05.304-0400 [DEBUG] [org.gradle.cache.internal.DefaultFileLockManager] Lock acquired on daemon addresses registry.
2026-07-20T23:15:05.304-0400 [DEBUG] [org.gradle.cache.internal.DefaultFileLockManager] Releasing lock on daemon addresses registry.
2026-07-20T23:15:05.304-0400 [DEBUG] [org.gradle.cache.internal.DefaultFileLockManager] Waiting to acquire shared lock on daemon addresses registry.
2026-07-20T23:15:05.305-0400 [DEBUG] [org.gradle.cache.internal.DefaultFileLockManager] Lock acquired on daemon addresses registry.
2026-07-20T23:15:05.305-0400 [DEBUG] [org.gradle.cache.internal.DefaultFileLockManager] Releasing lock on daemon addresses registry.
2026-07-20T23:15:15.302-0400 [DEBUG] [org.gradle.cache.internal.DefaultFileLockManager] Waiting to acquire shared lock on daemon addresses registry.
2026-07-20T23:15:15.302-0400 [DEBUG] [org.gradle.cache.internal.DefaultFileLockManager] Lock acquired on daemon addresses registry.
2026-07-20T23:15:15.303-0400 [DEBUG] [org.gradle.cache.internal.DefaultFileLockManager] Releasing lock on daemon addresses registry.
2026-07-20T23:15:15.305-0400 [DEBUG] [org.gradle.cache.internal.DefaultFileLockManager] Waiting to acquire shared lock on daemon addresses registry.
2026-07-20T23:15:15.305-0400 [DEBUG] [org.gradle.cache.internal.DefaultFileLockManager] Lock acquired on daemon addresses registry.
2026-07-20T23:15:15.306-0400 [DEBUG] [org.gradle.cache.internal.DefaultFileLockManager] Releasing lock on daemon addresses registry.
2026-07-20T23:15:15.307-0400 [DEBUG] [org.gradle.cache.internal.DefaultFileLockManager] Waiting to acquire shared lock on daemon addresses registry.
2026-07-20T23:15:15.307-0400 [DEBUG] [org.gradle.cache.internal.DefaultFileLockManager] Lock acquired on daemon addresses registry.
2026-07-20T23:15:15.308-0400 [DEBUG] [org.gradle.cache.internal.DefaultFileLockManager] Releasing lock on daemon addresses registry.
2026-07-20T23:15:25.299-0400 [DEBUG] [org.gradle.cache.internal.DefaultFileLockManager] Waiting to acquire shared lock on daemon addresses registry.
2026-07-20T23:15:25.299-0400 [DEBUG] [org.gradle.cache.internal.DefaultFileLockManager] Lock acquired on daemon addresses registry.
2026-07-20T23:15:25.300-0400 [DEBUG] [org.gradle.cache.internal.DefaultFileLockManager] Releasing lock on daemon addresses registry.
2026-07-20T23:15:25.302-0400 [DEBUG] [org.gradle.cache.internal.DefaultFileLockManager] Waiting to acquire shared lock on daemon addresses registry.
2026-07-20T23:15:25.303-0400 [DEBUG] [org.gradle.cache.internal.DefaultFileLockManager] Lock acquired on daemon addresses registry.
2026-07-20T23:15:25.303-0400 [DEBUG] [org.gradle.cache.internal.DefaultFileLockManager] Releasing lock on daemon addresses registry.
2026-07-20T23:15:25.305-0400 [DEBUG] [org.gradle.cache.internal.DefaultFileLockManager] Waiting to acquire shared lock on daemon addresses registry.
2026-07-20T23:15:25.305-0400 [DEBUG] [org.gradle.cache.internal.DefaultFileLockManager] Lock acquired on daemon addresses registry.
2026-07-20T23:15:25.305-0400 [DEBUG] [org.gradle.cache.internal.DefaultFileLockManager] Releasing lock on daemon addresses registry.
2026-07-20T23:15:35.300-0400 [DEBUG] [org.gradle.cache.internal.DefaultFileLockManager] Waiting to acquire shared lock on daemon addresses registry.
2026-07-20T23:15:35.300-0400 [DEBUG] [org.gradle.cache.internal.DefaultFileLockManager] Lock acquired on daemon addresses registry.
2026-07-20T23:15:35.301-0400 [DEBUG] [org.gradle.cache.internal.DefaultFileLockManager] Releasing lock on daemon addresses registry.
2026-07-20T23:15:35.302-0400 [DEBUG] [org.gradle.cache.internal.DefaultFileLockManager] Waiting to acquire shared lock on daemon addresses registry.
2026-07-20T23:15:35.303-0400 [DEBUG] [org.gradle.cache.internal.DefaultFileLockManager] Lock acquired on daemon addresses registry.
2026-07-20T23:15:35.303-0400 [DEBUG] [org.gradle.cache.internal.DefaultFileLockManager] Releasing lock on daemon addresses registry.
2026-07-20T23:15:35.304-0400 [DEBUG] [org.gradle.cache.internal.DefaultFileLockManager] Waiting to acquire shared lock on daemon addresses registry.
2026-07-20T23:15:35.304-0400 [DEBUG] [org.gradle.cache.internal.DefaultFileLockManager] Lock acquired on daemon addresses registry.
2026-07-20T23:15:35.304-0400 [DEBUG] [org.gradle.cache.internal.DefaultFileLockManager] Releasing lock on daemon addresses registry.
2026-07-20T23:15:45.288-0400 [DEBUG] [org.gradle.cache.internal.DefaultFileLockManager] Waiting to acquire shared lock on daemon addresses registry.
2026-07-20T23:15:45.288-0400 [DEBUG] [org.gradle.cache.internal.DefaultFileLockManager] Lock acquired on daemon addresses registry.
2026-07-20T23:15:45.288-0400 [DEBUG] [org.gradle.cache.internal.DefaultFileLockManager] Releasing lock on daemon addresses registry.
2026-07-20T23:15:45.290-0400 [DEBUG] [org.gradle.cache.internal.DefaultFileLockManager] Waiting to acquire shared lock on daemon addresses registry.
2026-07-20T23:15:45.290-0400 [DEBUG] [org.gradle.cache.internal.DefaultFileLockManager] Lock acquired on daemon addresses registry.
2026-07-20T23:15:45.290-0400 [DEBUG] [org.gradle.cache.internal.DefaultFileLockManager] Releasing lock on daemon addresses registry.
2026-07-20T23:15:45.291-0400 [DEBUG] [org.gradle.cache.internal.DefaultFileLockManager] Waiting to acquire shared lock on daemon addresses registry.
2026-07-20T23:15:45.292-0400 [DEBUG] [org.gradle.cache.internal.DefaultFileLockManager] Lock acquired on daemon addresses registry.
2026-07-20T23:15:45.292-0400 [DEBUG] [org.gradle.cache.internal.DefaultFileLockManager] Releasing lock on daemon addresses registry.
2026-07-20T23:15:55.294-0400 [DEBUG] [org.gradle.cache.internal.DefaultFileLockManager] Waiting to acquire shared lock on daemon addresses registry.
2026-07-20T23:15:55.294-0400 [DEBUG] [org.gradle.cache.internal.DefaultFileLockManager] Lock acquired on daemon addresses registry.
2026-07-20T23:15:55.294-0400 [DEBUG] [org.gradle.cache.internal.DefaultFileLockManager] Releasing lock on daemon addresses registry.
2026-07-20T23:15:55.296-0400 [DEBUG] [org.gradle.cache.internal.DefaultFileLockManager] Waiting to acquire shared lock on daemon addresses registry.
2026-07-20T23:15:55.296-0400 [DEBUG] [org.gradle.cache.internal.DefaultFileLockManager] Lock acquired on daemon addresses registry.
2026-07-20T23:15:55.296-0400 [DEBUG] [org.gradle.cache.internal.DefaultFileLockManager] Releasing lock on daemon addresses registry.
2026-07-20T23:15:55.297-0400 [DEBUG] [org.gradle.cache.internal.DefaultFileLockManager] Waiting to acquire shared lock on daemon addresses registry.
2026-07-20T23:15:55.297-0400 [DEBUG] [org.gradle.cache.internal.DefaultFileLockManager] Lock acquired on daemon addresses registry.
2026-07-20T23:15:55.298-0400 [DEBUG] [org.gradle.cache.internal.DefaultFileLockManager] Releasing lock on daemon addresses registry.
2026-07-20T23:16:05.295-0400 [DEBUG] [org.gradle.cache.internal.DefaultFileLockManager] Waiting to acquire shared lock on daemon addresses registry.
2026-07-20T23:16:05.295-0400 [DEBUG] [org.gradle.cache.internal.DefaultFileLockManager] Lock acquired on daemon addresses registry.
2026-07-20T23:16:05.296-0400 [DEBUG] [org.gradle.cache.internal.DefaultFileLockManager] Releasing lock on daemon addresses registry.
2026-07-20T23:16:05.298-0400 [DEBUG] [org.gradle.cache.internal.DefaultFileLockManager] Waiting to acquire shared lock on daemon addresses registry.
2026-07-20T23:16:05.298-0400 [DEBUG] [org.gradle.cache.internal.DefaultFileLockManager] Lock acquired on daemon addresses registry.
2026-07-20T23:16:05.299-0400 [DEBUG] [org.gradle.cache.internal.DefaultFileLockManager] Releasing lock on daemon addresses registry.
2026-07-20T23:16:05.299-0400 [DEBUG] [org.gradle.cache.internal.DefaultFileLockManager] Waiting to acquire shared lock on daemon addresses registry.
2026-07-20T23:16:05.299-0400 [DEBUG] [org.gradle.cache.internal.DefaultFileLockManager] Lock acquired on daemon addresses registry.
2026-07-20T23:16:05.300-0400 [DEBUG] [org.gradle.cache.internal.DefaultFileLockManager] Releasing lock on daemon addresses registry.
2026-07-20T23:16:15.296-0400 [DEBUG] [org.gradle.cache.internal.DefaultFileLockManager] Waiting to acquire shared lock on daemon addresses registry.
2026-07-20T23:16:15.296-0400 [DEBUG] [org.gradle.cache.internal.DefaultFileLockManager] Lock acquired on daemon addresses registry.
2026-07-20T23:16:15.297-0400 [DEBUG] [org.gradle.cache.internal.DefaultFileLockManager] Releasing lock on daemon addresses registry.
2026-07-20T23:16:15.299-0400 [DEBUG] [org.gradle.cache.internal.DefaultFileLockManager] Waiting to acquire shared lock on daemon addresses registry.
2026-07-20T23:16:15.299-0400 [DEBUG] [org.gradle.cache.internal.DefaultFileLockManager] Lock acquired on daemon addresses registry.
2026-07-20T23:16:15.300-0400 [DEBUG] [org.gradle.cache.internal.DefaultFileLockManager] Releasing lock on daemon addresses registry.
2026-07-20T23:16:15.301-0400 [DEBUG] [org.gradle.cache.internal.DefaultFileLockManager] Waiting to acquire shared lock on daemon addresses registry.
2026-07-20T23:16:15.302-0400 [DEBUG] [org.gradle.cache.internal.DefaultFileLockManager] Lock acquired on daemon addresses registry.
2026-07-20T23:16:15.302-0400 [DEBUG] [org.gradle.cache.internal.DefaultFileLockManager] Releasing lock on daemon addresses registry.
2026-07-20T23:16:25.302-0400 [DEBUG] [org.gradle.cache.internal.DefaultFileLockManager] Waiting to acquire shared lock on daemon addresses registry.
2026-07-20T23:16:25.302-0400 [DEBUG] [org.gradle.cache.internal.DefaultFileLockManager] Lock acquired on daemon addresses registry.
2026-07-20T23:16:25.302-0400 [DEBUG] [org.gradle.cache.internal.DefaultFileLockManager] Releasing lock on daemon addresses registry.
2026-07-20T23:16:25.303-0400 [DEBUG] [org.gradle.cache.internal.DefaultFileLockManager] Waiting to acquire shared lock on daemon addresses registry.
2026-07-20T23:16:25.303-0400 [DEBUG] [org.gradle.cache.internal.DefaultFileLockManager] Lock acquired on daemon addresses registry.
2026-07-20T23:16:25.303-0400 [DEBUG] [org.gradle.cache.internal.DefaultFileLockManager] Releasing lock on daemon addresses registry.
2026-07-20T23:16:25.304-0400 [DEBUG] [org.gradle.cache.internal.DefaultFileLockManager] Waiting to acquire shared lock on daemon addresses registry.
2026-07-20T23:16:25.304-0400 [DEBUG] [org.gradle.cache.internal.DefaultFileLockManager] Lock acquired on daemon addresses registry.
2026-07-20T23:16:25.304-0400 [DEBUG] [org.gradle.cache.internal.DefaultFileLockManager] Releasing lock on daemon addresses registry.
2026-07-20T23:16:35.287-0400 [DEBUG] [org.gradle.cache.internal.DefaultFileLockManager] Waiting to acquire shared lock on daemon addresses registry.
2026-07-20T23:16:35.288-0400 [DEBUG] [org.gradle.cache.internal.DefaultFileLockManager] Lock acquired on daemon addresses registry.
2026-07-20T23:16:35.288-0400 [DEBUG] [org.gradle.cache.internal.DefaultFileLockManager] Releasing lock on daemon addresses registry.
2026-07-20T23:16:35.289-0400 [DEBUG] [org.gradle.cache.internal.DefaultFileLockManager] Waiting to acquire shared lock on daemon addresses registry.
2026-07-20T23:16:35.289-0400 [DEBUG] [org.gradle.cache.internal.DefaultFileLockManager] Lock acquired on daemon addresses registry.
2026-07-20T23:16:35.289-0400 [DEBUG] [org.gradle.cache.internal.DefaultFileLockManager] Releasing lock on daemon addresses registry.
2026-07-20T23:16:35.290-0400 [DEBUG] [org.gradle.cache.internal.DefaultFileLockManager] Waiting to acquire shared lock on daemon addresses registry.
2026-07-20T23:16:35.290-0400 [DEBUG] [org.gradle.cache.internal.DefaultFileLockManager] Lock acquired on daemon addresses registry.
2026-07-20T23:16:35.290-0400 [DEBUG] [org.gradle.cache.internal.DefaultFileLockManager] Releasing lock on daemon addresses registry.
2026-07-20T23:16:45.294-0400 [DEBUG] [org.gradle.cache.internal.DefaultFileLockManager] Waiting to acquire shared lock on daemon addresses registry.
2026-07-20T23:16:45.294-0400 [DEBUG] [org.gradle.cache.internal.DefaultFileLockManager] Lock acquired on daemon addresses registry.
2026-07-20T23:16:45.295-0400 [DEBUG] [org.gradle.cache.internal.DefaultFileLockManager] Releasing lock on daemon addresses registry.
2026-07-20T23:16:45.297-0400 [DEBUG] [org.gradle.cache.internal.DefaultFileLockManager] Waiting to acquire shared lock on daemon addresses registry.
2026-07-20T23:16:45.297-0400 [DEBUG] [org.gradle.cache.internal.DefaultFileLockManager] Lock acquired on daemon addresses registry.
2026-07-20T23:16:45.298-0400 [DEBUG] [org.gradle.cache.internal.DefaultFileLockManager] Releasing lock on daemon addresses registry.
2026-07-20T23:16:45.299-0400 [DEBUG] [org.gradle.cache.internal.DefaultFileLockManager] Waiting to acquire shared lock on daemon addresses registry.
2026-07-20T23:16:45.299-0400 [DEBUG] [org.gradle.cache.internal.DefaultFileLockManager] Lock acquired on daemon addresses registry.
2026-07-20T23:16:45.299-0400 [DEBUG] [org.gradle.cache.internal.DefaultFileLockManager] Releasing lock on daemon addresses registry.
2026-07-20T23:16:55.297-0400 [DEBUG] [org.gradle.cache.internal.DefaultFileLockManager] Waiting to acquire shared lock on daemon addresses registry.
2026-07-20T23:16:55.298-0400 [DEBUG] [org.gradle.cache.internal.DefaultFileLockManager] Lock acquired on daemon addresses registry.
2026-07-20T23:16:55.298-0400 [DEBUG] [org.gradle.cache.internal.DefaultFileLockManager] Releasing lock on daemon addresses registry.
2026-07-20T23:16:55.300-0400 [DEBUG] [org.gradle.cache.internal.DefaultFileLockManager] Waiting to acquire shared lock on daemon addresses registry.
2026-07-20T23:16:55.300-0400 [DEBUG] [org.gradle.cache.internal.DefaultFileLockManager] Lock acquired on daemon addresses registry.
2026-07-20T23:16:55.301-0400 [DEBUG] [org.gradle.cache.internal.DefaultFileLockManager] Releasing lock on daemon addresses registry.
2026-07-20T23:16:55.302-0400 [DEBUG] [org.gradle.cache.internal.DefaultFileLockManager] Waiting to acquire shared lock on daemon addresses registry.
2026-07-20T23:16:55.302-0400 [DEBUG] [org.gradle.cache.internal.DefaultFileLockManager] Lock acquired on daemon addresses registry.
2026-07-20T23:16:55.302-0400 [DEBUG] [org.gradle.cache.internal.DefaultFileLockManager] Releasing lock on daemon addresses registry.
2026-07-20T23:17:05.296-0400 [DEBUG] [org.gradle.cache.internal.DefaultFileLockManager] Waiting to acquire shared lock on daemon addresses registry.
2026-07-20T23:17:05.297-0400 [DEBUG] [org.gradle.cache.internal.DefaultFileLockManager] Lock acquired on daemon addresses registry.
2026-07-20T23:17:05.297-0400 [DEBUG] [org.gradle.cache.internal.DefaultFileLockManager] Releasing lock on daemon addresses registry.
2026-07-20T23:17:05.298-0400 [DEBUG] [org.gradle.cache.internal.DefaultFileLockManager] Waiting to acquire shared lock on daemon addresses registry.
2026-07-20T23:17:05.298-0400 [DEBUG] [org.gradle.cache.internal.DefaultFileLockManager] Lock acquired on daemon addresses registry.
2026-07-20T23:17:05.299-0400 [DEBUG] [org.gradle.cache.internal.DefaultFileLockManager] Releasing lock on daemon addresses registry.
2026-07-20T23:17:05.300-0400 [DEBUG] [org.gradle.cache.internal.DefaultFileLockManager] Waiting to acquire shared lock on daemon addresses registry.
2026-07-20T23:17:05.300-0400 [DEBUG] [org.gradle.cache.internal.DefaultFileLockManager] Lock acquired on daemon addresses registry.
2026-07-20T23:17:05.300-0400 [DEBUG] [org.gradle.cache.internal.DefaultFileLockManager] Releasing lock on daemon addresses registry.
2026-07-20T23:17:15.296-0400 [DEBUG] [org.gradle.cache.internal.DefaultFileLockManager] Waiting to acquire shared lock on daemon addresses registry.
2026-07-20T23:17:15.297-0400 [DEBUG] [org.gradle.cache.internal.DefaultFileLockManager] Lock acquired on daemon addresses registry.
2026-07-20T23:17:15.297-0400 [DEBUG] [org.gradle.cache.internal.DefaultFileLockManager] Releasing lock on daemon addresses registry.
2026-07-20T23:17:15.299-0400 [DEBUG] [org.gradle.cache.internal.DefaultFileLockManager] Waiting to acquire shared lock on daemon addresses registry.
2026-07-20T23:17:15.299-0400 [DEBUG] [org.gradle.cache.internal.DefaultFileLockManager] Lock acquired on daemon addresses registry.
2026-07-20T23:17:15.300-0400 [DEBUG] [org.gradle.cache.internal.DefaultFileLockManager] Releasing lock on daemon addresses registry.
2026-07-20T23:17:15.300-0400 [DEBUG] [org.gradle.cache.internal.DefaultFileLockManager] Waiting to acquire shared lock on daemon addresses registry.
2026-07-20T23:17:15.300-0400 [DEBUG] [org.gradle.cache.internal.DefaultFileLockManager] Lock acquired on daemon addresses registry.
2026-07-20T23:17:15.300-0400 [DEBUG] [org.gradle.cache.internal.DefaultFileLockManager] Releasing lock on daemon addresses registry.
2026-07-20T23:17:25.288-0400 [DEBUG] [org.gradle.cache.internal.DefaultFileLockManager] Waiting to acquire shared lock on daemon addresses registry.
2026-07-20T23:17:25.288-0400 [DEBUG] [org.gradle.cache.internal.DefaultFileLockManager] Lock acquired on daemon addresses registry.
2026-07-20T23:17:25.288-0400 [DEBUG] [org.gradle.cache.internal.DefaultFileLockManager] Releasing lock on daemon addresses registry.
2026-07-20T23:17:25.289-0400 [DEBUG] [org.gradle.cache.internal.DefaultFileLockManager] Waiting to acquire shared lock on daemon addresses registry.
2026-07-20T23:17:25.289-0400 [DEBUG] [org.gradle.cache.internal.DefaultFileLockManager] Lock acquired on daemon addresses registry.
2026-07-20T23:17:25.289-0400 [DEBUG] [org.gradle.cache.internal.DefaultFileLockManager] Releasing lock on daemon addresses registry.
2026-07-20T23:17:25.290-0400 [DEBUG] [org.gradle.cache.internal.DefaultFileLockManager] Waiting to acquire shared lock on daemon addresses registry.
2026-07-20T23:17:25.290-0400 [DEBUG] [org.gradle.cache.internal.DefaultFileLockManager] Lock acquired on daemon addresses registry.
2026-07-20T23:17:25.290-0400 [DEBUG] [org.gradle.cache.internal.DefaultFileLockManager] Releasing lock on daemon addresses registry.
2026-07-20T23:17:35.292-0400 [DEBUG] [org.gradle.cache.internal.DefaultFileLockManager] Waiting to acquire shared lock on daemon addresses registry.
2026-07-20T23:17:35.292-0400 [DEBUG] [org.gradle.cache.internal.DefaultFileLockManager] Lock acquired on daemon addresses registry.
2026-07-20T23:17:35.292-0400 [DEBUG] [org.gradle.cache.internal.DefaultFileLockManager] Releasing lock on daemon addresses registry.
2026-07-20T23:17:35.293-0400 [DEBUG] [org.gradle.cache.internal.DefaultFileLockManager] Waiting to acquire shared lock on daemon addresses registry.
2026-07-20T23:17:35.293-0400 [DEBUG] [org.gradle.cache.internal.DefaultFileLockManager] Lock acquired on daemon addresses registry.
2026-07-20T23:17:35.294-0400 [DEBUG] [org.gradle.cache.internal.DefaultFileLockManager] Releasing lock on daemon addresses registry.
2026-07-20T23:17:35.294-0400 [DEBUG] [org.gradle.cache.internal.DefaultFileLockManager] Waiting to acquire shared lock on daemon addresses registry.
2026-07-20T23:17:35.295-0400 [DEBUG] [org.gradle.cache.internal.DefaultFileLockManager] Lock acquired on daemon addresses registry.
2026-07-20T23:17:35.295-0400 [DEBUG] [org.gradle.cache.internal.DefaultFileLockManager] Releasing lock on daemon addresses registry.
2026-07-20T23:17:45.289-0400 [DEBUG] [org.gradle.cache.internal.DefaultFileLockManager] Waiting to acquire shared lock on daemon addresses registry.
2026-07-20T23:17:45.290-0400 [DEBUG] [org.gradle.cache.internal.DefaultFileLockManager] Lock acquired on daemon addresses registry.
2026-07-20T23:17:45.291-0400 [DEBUG] [org.gradle.cache.internal.DefaultFileLockManager] Releasing lock on daemon addresses registry.
2026-07-20T23:17:45.293-0400 [DEBUG] [org.gradle.cache.internal.DefaultFileLockManager] Waiting to acquire shared lock on daemon addresses registry.
2026-07-20T23:17:45.293-0400 [DEBUG] [org.gradle.cache.internal.DefaultFileLockManager] Lock acquired on daemon addresses registry.
2026-07-20T23:17:45.294-0400 [DEBUG] [org.gradle.cache.internal.DefaultFileLockManager] Releasing lock on daemon addresses registry.
2026-07-20T23:17:45.296-0400 [DEBUG] [org.gradle.cache.internal.DefaultFileLockManager] Waiting to acquire shared lock on daemon addresses registry.
2026-07-20T23:17:45.296-0400 [DEBUG] [org.gradle.cache.internal.DefaultFileLockManager] Lock acquired on daemon addresses registry.
2026-07-20T23:17:45.296-0400 [DEBUG] [org.gradle.cache.internal.DefaultFileLockManager] Releasing lock on daemon addresses registry.
2026-07-20T23:17:55.292-0400 [DEBUG] [org.gradle.cache.internal.DefaultFileLockManager] Waiting to acquire shared lock on daemon addresses registry.
2026-07-20T23:17:55.293-0400 [DEBUG] [org.gradle.cache.internal.DefaultFileLockManager] Lock acquired on daemon addresses registry.
2026-07-20T23:17:55.293-0400 [DEBUG] [org.gradle.cache.internal.DefaultFileLockManager] Releasing lock on daemon addresses registry.
2026-07-20T23:17:55.294-0400 [DEBUG] [org.gradle.cache.internal.DefaultFileLockManager] Waiting to acquire shared lock on daemon addresses registry.
2026-07-20T23:17:55.294-0400 [DEBUG] [org.gradle.cache.internal.DefaultFileLockManager] Lock acquired on daemon addresses registry.
2026-07-20T23:17:55.294-0400 [DEBUG] [org.gradle.cache.internal.DefaultFileLockManager] Releasing lock on daemon addresses registry.
2026-07-20T23:17:55.295-0400 [DEBUG] [org.gradle.cache.internal.DefaultFileLockManager] Waiting to acquire shared lock on daemon addresses registry.
2026-07-20T23:17:55.295-0400 [DEBUG] [org.gradle.cache.internal.DefaultFileLockManager] Lock acquired on daemon addresses registry.
2026-07-20T23:17:55.295-0400 [DEBUG] [org.gradle.cache.internal.DefaultFileLockManager] Releasing lock on daemon addresses registry.
2026-07-20T23:18:05.296-0400 [DEBUG] [org.gradle.cache.internal.DefaultFileLockManager] Waiting to acquire shared lock on daemon addresses registry.
2026-07-20T23:18:05.296-0400 [DEBUG] [org.gradle.cache.internal.DefaultFileLockManager] Lock acquired on daemon addresses registry.
2026-07-20T23:18:05.297-0400 [DEBUG] [org.gradle.cache.internal.DefaultFileLockManager] Releasing lock on daemon addresses registry.
2026-07-20T23:18:05.298-0400 [DEBUG] [org.gradle.cache.internal.DefaultFileLockManager] Waiting to acquire shared lock on daemon addresses registry.
2026-07-20T23:18:05.298-0400 [DEBUG] [org.gradle.cache.internal.DefaultFileLockManager] Lock acquired on daemon addresses registry.
2026-07-20T23:18:05.299-0400 [DEBUG] [org.gradle.cache.internal.DefaultFileLockManager] Releasing lock on daemon addresses registry.
2026-07-20T23:18:05.300-0400 [DEBUG] [org.gradle.cache.internal.DefaultFileLockManager] Waiting to acquire shared lock on daemon addresses registry.
2026-07-20T23:18:05.300-0400 [DEBUG] [org.gradle.cache.internal.DefaultFileLockManager] Lock acquired on daemon addresses registry.
2026-07-20T23:18:05.300-0400 [DEBUG] [org.gradle.cache.internal.DefaultFileLockManager] Releasing lock on daemon addresses registry.
2026-07-20T23:18:15.295-0400 [DEBUG] [org.gradle.cache.internal.DefaultFileLockManager] Waiting to acquire shared lock on daemon addresses registry.
2026-07-20T23:18:15.295-0400 [DEBUG] [org.gradle.cache.internal.DefaultFileLockManager] Lock acquired on daemon addresses registry.
2026-07-20T23:18:15.295-0400 [DEBUG] [org.gradle.cache.internal.DefaultFileLockManager] Releasing lock on daemon addresses registry.
2026-07-20T23:18:15.297-0400 [DEBUG] [org.gradle.cache.internal.DefaultFileLockManager] Waiting to acquire shared lock on daemon addresses registry.
2026-07-20T23:18:15.297-0400 [DEBUG] [org.gradle.cache.internal.DefaultFileLockManager] Lock acquired on daemon addresses registry.
2026-07-20T23:18:15.297-0400 [DEBUG] [org.gradle.cache.internal.DefaultFileLockManager] Releasing lock on daemon addresses registry.
2026-07-20T23:18:15.298-0400 [DEBUG] [org.gradle.cache.internal.DefaultFileLockManager] Waiting to acquire shared lock on daemon addresses registry.
2026-07-20T23:18:15.298-0400 [DEBUG] [org.gradle.cache.internal.DefaultFileLockManager] Lock acquired on daemon addresses registry.
2026-07-20T23:18:15.299-0400 [DEBUG] [org.gradle.cache.internal.DefaultFileLockManager] Releasing lock on daemon addresses registry.
2026-07-20T23:18:25.298-0400 [DEBUG] [org.gradle.cache.internal.DefaultFileLockManager] Waiting to acquire shared lock on daemon addresses registry.
2026-07-20T23:18:25.299-0400 [DEBUG] [org.gradle.cache.internal.DefaultFileLockManager] Lock acquired on daemon addresses registry.
2026-07-20T23:18:25.299-0400 [DEBUG] [org.gradle.cache.internal.DefaultFileLockManager] Releasing lock on daemon addresses registry.
2026-07-20T23:18:25.300-0400 [DEBUG] [org.gradle.cache.internal.DefaultFileLockManager] Waiting to acquire shared lock on daemon addresses registry.
2026-07-20T23:18:25.300-0400 [DEBUG] [org.gradle.cache.internal.DefaultFileLockManager] Lock acquired on daemon addresses registry.
2026-07-20T23:18:25.301-0400 [DEBUG] [org.gradle.cache.internal.DefaultFileLockManager] Releasing lock on daemon addresses registry.
2026-07-20T23:18:25.301-0400 [DEBUG] [org.gradle.cache.internal.DefaultFileLockManager] Waiting to acquire shared lock on daemon addresses registry.
2026-07-20T23:18:25.302-0400 [DEBUG] [org.gradle.cache.internal.DefaultFileLockManager] Lock acquired on daemon addresses registry.
2026-07-20T23:18:25.302-0400 [DEBUG] [org.gradle.cache.internal.DefaultFileLockManager] Releasing lock on daemon addresses registry.
2026-07-20T23:18:35.300-0400 [DEBUG] [org.gradle.cache.internal.DefaultFileLockManager] Waiting to acquire shared lock on daemon addresses registry.
2026-07-20T23:18:35.300-0400 [DEBUG] [org.gradle.cache.internal.DefaultFileLockManager] Lock acquired on daemon addresses registry.
2026-07-20T23:18:35.301-0400 [DEBUG] [org.gradle.cache.internal.DefaultFileLockManager] Releasing lock on daemon addresses registry.
2026-07-20T23:18:35.302-0400 [DEBUG] [org.gradle.cache.internal.DefaultFileLockManager] Waiting to acquire shared lock on daemon addresses registry.
2026-07-20T23:18:35.302-0400 [DEBUG] [org.gradle.cache.internal.DefaultFileLockManager] Lock acquired on daemon addresses registry.
2026-07-20T23:18:35.302-0400 [DEBUG] [org.gradle.cache.internal.DefaultFileLockManager] Releasing lock on daemon addresses registry.
2026-07-20T23:18:35.303-0400 [DEBUG] [org.gradle.cache.internal.DefaultFileLockManager] Waiting to acquire shared lock on daemon addresses registry.
2026-07-20T23:18:35.303-0400 [DEBUG] [org.gradle.cache.internal.DefaultFileLockManager] Lock acquired on daemon addresses registry.
2026-07-20T23:18:35.303-0400 [DEBUG] [org.gradle.cache.internal.DefaultFileLockManager] Releasing lock on daemon addresses registry.
2026-07-20T23:18:45.291-0400 [DEBUG] [org.gradle.cache.internal.DefaultFileLockManager] Waiting to acquire shared lock on daemon addresses registry.
2026-07-20T23:18:45.292-0400 [DEBUG] [org.gradle.cache.internal.DefaultFileLockManager] Lock acquired on daemon addresses registry.
2026-07-20T23:18:45.292-0400 [DEBUG] [org.gradle.cache.internal.DefaultFileLockManager] Releasing lock on daemon addresses registry.
2026-07-20T23:18:45.295-0400 [DEBUG] [org.gradle.cache.internal.DefaultFileLockManager] Waiting to acquire shared lock on daemon addresses registry.
2026-07-20T23:18:45.295-0400 [DEBUG] [org.gradle.cache.internal.DefaultFileLockManager] Lock acquired on daemon addresses registry.
2026-07-20T23:18:45.295-0400 [DEBUG] [org.gradle.cache.internal.DefaultFileLockManager] Releasing lock on daemon addresses registry.
2026-07-20T23:18:45.295-0400 [DEBUG] [org.gradle.cache.internal.DefaultFileLockManager] Waiting to acquire shared lock on daemon addresses registry.
2026-07-20T23:18:45.296-0400 [DEBUG] [org.gradle.cache.internal.DefaultFileLockManager] Lock acquired on daemon addresses registry.
2026-07-20T23:18:45.296-0400 [DEBUG] [org.gradle.cache.internal.DefaultFileLockManager] Releasing lock on daemon addresses registry.
2026-07-20T23:18:55.293-0400 [DEBUG] [org.gradle.cache.internal.DefaultFileLockManager] Waiting to acquire shared lock on daemon addresses registry.
2026-07-20T23:18:55.293-0400 [DEBUG] [org.gradle.cache.internal.DefaultFileLockManager] Lock acquired on daemon addresses registry.
2026-07-20T23:18:55.294-0400 [DEBUG] [org.gradle.cache.internal.DefaultFileLockManager] Releasing lock on daemon addresses registry.
2026-07-20T23:18:55.296-0400 [DEBUG] [org.gradle.cache.internal.DefaultFileLockManager] Waiting to acquire shared lock on daemon addresses registry.
2026-07-20T23:18:55.297-0400 [DEBUG] [org.gradle.cache.internal.DefaultFileLockManager] Lock acquired on daemon addresses registry.
2026-07-20T23:18:55.297-0400 [DEBUG] [org.gradle.cache.internal.DefaultFileLockManager] Releasing lock on daemon addresses registry.
2026-07-20T23:18:55.299-0400 [DEBUG] [org.gradle.cache.internal.DefaultFileLockManager] Waiting to acquire shared lock on daemon addresses registry.
2026-07-20T23:18:55.299-0400 [DEBUG] [org.gradle.cache.internal.DefaultFileLockManager] Lock acquired on daemon addresses registry.
2026-07-20T23:18:55.300-0400 [DEBUG] [org.gradle.cache.internal.DefaultFileLockManager] Releasing lock on daemon addresses registry.
2026-07-20T23:19:05.300-0400 [DEBUG] [org.gradle.cache.internal.DefaultFileLockManager] Waiting to acquire shared lock on daemon addresses registry.
2026-07-20T23:19:05.300-0400 [DEBUG] [org.gradle.cache.internal.DefaultFileLockManager] Lock acquired on daemon addresses registry.
2026-07-20T23:19:05.300-0400 [DEBUG] [org.gradle.cache.internal.DefaultFileLockManager] Releasing lock on daemon addresses registry.
2026-07-20T23:19:05.301-0400 [DEBUG] [org.gradle.cache.internal.DefaultFileLockManager] Waiting to acquire shared lock on daemon addresses registry.
2026-07-20T23:19:05.302-0400 [DEBUG] [org.gradle.cache.internal.DefaultFileLockManager] Lock acquired on daemon addresses registry.
2026-07-20T23:19:05.302-0400 [DEBUG] [org.gradle.cache.internal.DefaultFileLockManager] Releasing lock on daemon addresses registry.
2026-07-20T23:19:05.303-0400 [DEBUG] [org.gradle.cache.internal.DefaultFileLockManager] Waiting to acquire shared lock on daemon addresses registry.
2026-07-20T23:19:05.303-0400 [DEBUG] [org.gradle.cache.internal.DefaultFileLockManager] Lock acquired on daemon addresses registry.
2026-07-20T23:19:05.303-0400 [DEBUG] [org.gradle.cache.internal.DefaultFileLockManager] Releasing lock on daemon addresses registry.
2026-07-20T23:19:15.302-0400 [DEBUG] [org.gradle.cache.internal.DefaultFileLockManager] Waiting to acquire shared lock on daemon addresses registry.
2026-07-20T23:19:15.303-0400 [DEBUG] [org.gradle.cache.internal.DefaultFileLockManager] Lock acquired on daemon addresses registry.
2026-07-20T23:19:15.303-0400 [DEBUG] [org.gradle.cache.internal.DefaultFileLockManager] Releasing lock on daemon addresses registry.
2026-07-20T23:19:15.304-0400 [DEBUG] [org.gradle.cache.internal.DefaultFileLockManager] Waiting to acquire shared lock on daemon addresses registry.
2026-07-20T23:19:15.305-0400 [DEBUG] [org.gradle.cache.internal.DefaultFileLockManager] Lock acquired on daemon addresses registry.
2026-07-20T23:19:15.305-0400 [DEBUG] [org.gradle.cache.internal.DefaultFileLockManager] Releasing lock on daemon addresses registry.
2026-07-20T23:19:15.305-0400 [DEBUG] [org.gradle.cache.internal.DefaultFileLockManager] Waiting to acquire shared lock on daemon addresses registry.
2026-07-20T23:19:15.306-0400 [DEBUG] [org.gradle.cache.internal.DefaultFileLockManager] Lock acquired on daemon addresses registry.
2026-07-20T23:19:15.306-0400 [DEBUG] [org.gradle.cache.internal.DefaultFileLockManager] Releasing lock on daemon addresses registry.
2026-07-20T23:19:15.464-0400 [DEBUG] [org.gradle.internal.remote.internal.inet.TcpIncomingConnector] Accepted connection from /127.0.0.1:52057 to /127.0.0.1:58130.
2026-07-20T23:19:15.467-0400 [DEBUG] [org.gradle.internal.remote.internal.inet.TcpIncomingConnector] Accepted connection from /127.0.0.1:52058 to /127.0.0.1:58130.
2026-07-20T23:19:15.469-0400 [DEBUG] [org.gradle.launcher.daemon.server.SynchronizedDispatchConnection] thread 107: received class org.gradle.launcher.daemon.protocol.InvalidateVirtualFileSystem
2026-07-20T23:19:15.469-0400 [DEBUG] [org.gradle.launcher.daemon.server.DefaultDaemonConnection] thread 107: Received non-IO message from client: InvalidateVirtualFileSystem[id=9e50f054-ae86-4251-8f5b-8a58cff9e0f0]
2026-07-20T23:19:15.469-0400 [INFO] [org.gradle.launcher.daemon.server.DefaultIncomingConnectionHandler] Received command: InvalidateVirtualFileSystem[id=9e50f054-ae86-4251-8f5b-8a58cff9e0f0].
2026-07-20T23:19:15.469-0400 [DEBUG] [org.gradle.launcher.daemon.server.DefaultIncomingConnectionHandler] Starting executing command: InvalidateVirtualFileSystem[id=9e50f054-ae86-4251-8f5b-8a58cff9e0f0] with connection: socket connection from /127.0.0.1:58130 to /127.0.0.1:52057.
2026-07-20T23:19:15.470-0400 [INFO] [org.gradle.launcher.daemon.server.api.HandleInvalidateVirtualFileSystem] Invalidating [C:\Users\vmunoz2\IdeaProjects\simpleTestAutomation\src\test\java\Runner\Runner.java]
2026-07-20T23:19:15.470-0400 [DEBUG] [org.gradle.internal.vfs.impl.AbstractVirtualFileSystem] Invalidating VFS paths: [C:\Users\vmunoz2\IdeaProjects\simpleTestAutomation\src\test\java\Runner\Runner.java]
2026-07-20T23:19:15.471-0400 [DEBUG] [org.gradle.launcher.daemon.server.SynchronizedDispatchConnection] thread 106: dispatching Success[value=null]
2026-07-20T23:19:15.471-0400 [DEBUG] [org.gradle.launcher.daemon.server.DefaultIncomingConnectionHandler] Finishing executing command: InvalidateVirtualFileSystem[id=9e50f054-ae86-4251-8f5b-8a58cff9e0f0]
2026-07-20T23:19:15.472-0400 [DEBUG] [org.gradle.launcher.daemon.server.SynchronizedDispatchConnection] thread 107: received class org.gradle.launcher.daemon.protocol.Finished
2026-07-20T23:19:15.472-0400 [DEBUG] [org.gradle.launcher.daemon.server.DefaultDaemonConnection] thread 107: Received non-IO message from client: org.gradle.launcher.daemon.protocol.Finished@129f34f3
2026-07-20T23:19:15.472-0400 [DEBUG] [org.gradle.launcher.daemon.server.DefaultIncomingConnectionHandler] Received finished message: org.gradle.launcher.daemon.protocol.Finished@129f34f3
2026-07-20T23:19:15.472-0400 [DEBUG] [org.gradle.launcher.daemon.server.SynchronizedDispatchConnection] thread 106: stopping connection
2026-07-20T23:19:15.472-0400 [DEBUG] [org.gradle.internal.remote.internal.inet.SocketConnection] Discarding EOFException: java.io.EOFException
2026-07-20T23:19:15.472-0400 [DEBUG] [org.gradle.launcher.daemon.server.SynchronizedDispatchConnection] thread 107: received null
2026-07-20T23:19:15.472-0400 [DEBUG] [org.gradle.launcher.daemon.server.DefaultDaemonConnection] thread 107: Received end-of-input from client.
2026-07-20T23:19:15.473-0400 [DEBUG] [org.gradle.launcher.daemon.server.SynchronizedDispatchConnection] thread 106: stopping connection
2026-07-20T23:19:15.473-0400 [DEBUG] [org.gradle.launcher.daemon.server.SynchronizedDispatchConnection] thread 109: received class org.gradle.launcher.daemon.protocol.Build
2026-07-20T23:19:15.473-0400 [DEBUG] [org.gradle.launcher.daemon.server.DefaultDaemonConnection] thread 109: Received non-IO message from client: Build{id=d9e055b0-8ed7-48bb-933e-e1a55997e73e, currentDir=C:\Users\vmunoz2\IdeaProjects\simpleTestAutomation}
2026-07-20T23:19:15.474-0400 [INFO] [org.gradle.launcher.daemon.server.DefaultIncomingConnectionHandler] Received command: Build{id=d9e055b0-8ed7-48bb-933e-e1a55997e73e, currentDir=C:\Users\vmunoz2\IdeaProjects\simpleTestAutomation}.
2026-07-20T23:19:15.474-0400 [DEBUG] [org.gradle.launcher.daemon.server.DefaultIncomingConnectionHandler] Starting executing command: Build{id=d9e055b0-8ed7-48bb-933e-e1a55997e73e, currentDir=C:\Users\vmunoz2\IdeaProjects\simpleTestAutomation} with connection: socket connection from /127.0.0.1:58130 to /127.0.0.1:52058.
2026-07-20T23:19:15.474-0400 [DEBUG] [org.gradle.launcher.daemon.server.DaemonStateCoordinator] Command execution: started DaemonCommandExecution[command = Build{id=d9e055b0-8ed7-48bb-933e-e1a55997e73e, currentDir=C:\Users\vmunoz2\IdeaProjects\simpleTestAutomation}, connection = DefaultDaemonConnection: socket connection from /127.0.0.1:58130 to /127.0.0.1:52058] after 5.0 minutes of idle
2026-07-20T23:19:15.474-0400 [INFO] [org.gradle.launcher.daemon.server.DaemonRegistryUpdater] Marking the daemon as busy, address: [df38822c-fac1-46f1-97b8-662562588fae port:58130, addresses:[localhost/127.0.0.1]]
2026-07-20T23:19:15.474-0400 [DEBUG] [org.gradle.launcher.daemon.registry.PersistentDaemonRegistry] Marking busy by address: [df38822c-fac1-46f1-97b8-662562588fae port:58130, addresses:[localhost/127.0.0.1]]
2026-07-20T23:19:15.475-0400 [DEBUG] [org.gradle.cache.internal.DefaultFileLockManager] Waiting to acquire exclusive lock on daemon addresses registry.
2026-07-20T23:19:15.475-0400 [DEBUG] [org.gradle.cache.internal.DefaultFileLockManager] Lock acquired on daemon addresses registry.
2026-07-20T23:19:15.476-0400 [DEBUG] [org.gradle.cache.internal.DefaultFileLockManager] Releasing lock on daemon addresses registry.
2026-07-20T23:19:15.476-0400 [DEBUG] [org.gradle.launcher.daemon.server.DaemonStateCoordinator] resetting idle timer
2026-07-20T23:19:15.476-0400 [DEBUG] [org.gradle.launcher.daemon.server.DaemonStateCoordinator] daemon is running. Sleeping until state changes.
2026-07-20T23:19:15.476-0400 [INFO] [org.gradle.launcher.daemon.server.exec.StartBuildOrRespondWithBusy] Daemon is about to start building Build{id=d9e055b0-8ed7-48bb-933e-e1a55997e73e, currentDir=C:\Users\vmunoz2\IdeaProjects\simpleTestAutomation}. Dispatching build started information...
2026-07-20T23:19:15.477-0400 [DEBUG] [org.gradle.launcher.daemon.server.SynchronizedDispatchConnection] thread 111: dispatching org.gradle.launcher.daemon.protocol.BuildStarted@4cf55a8f
2026-07-20T23:19:15.477-0400 [DEBUG] [org.gradle.launcher.daemon.server.exec.EstablishBuildEnvironment] Configuring env variables: [USERDOMAIN_ROAMINGPROFILE, PROCESSOR_LEVEL, SESSIONNAME, ALLUSERSPROFILE, PROCESSOR_ARCHITECTURE, PSModulePath, SystemDrive, EFC_3776_1262719628, EFC_3776_4126798990, USERNAME, USERDNSDOMAIN, ProgramFiles(x86), FPS_BROWSER_USER_PROFILE_STRING, EFC_3776_2775293581, PATHEXT, DriverData, EFC_3776_2283032206, ProgramData, ProgramW6432, HOMEPATH, PROCESSOR_IDENTIFIER, EFC_3776_1592913036, ProgramFiles, PUBLIC, windir, =::, ZES_ENABLE_SYSMAN, OneDriveCommercial, LOCALAPPDATA, USERDOMAIN, LOGONSERVER, FPS_BROWSER_APP_PROFILE_STRING, OneDrive, APPDATA, EFC_3776_3789132940, CommonProgramFiles, Path, OS, COMPUTERNAME, PROCESSOR_REVISION, CommonProgramW6432, ComSpec, UATDATA, TEMP, SystemRoot, HOMEDRIVE, USERPROFILE, TMP, CommonProgramFiles(x86), NUMBER_OF_PROCESSORS]
2026-07-20T23:19:15.478-0400 [DEBUG] [org.gradle.launcher.daemon.server.exec.LogToClient] About to start relaying all logs to the client via the connection.
2026-07-20T23:19:15.478-0400 [INFO] [org.gradle.launcher.daemon.server.exec.LogToClient] The client will now receive all logging from the daemon (pid: 1380). The daemon log file: C:\Users\vmunoz2\IdeaProjects\simpleTestAutomation\gradle\daemon\8.5\daemon-1380.out.log
2026-07-20T23:19:15.481-0400 [INFO] [org.gradle.launcher.daemon.server.exec.LogAndCheckHealth] Starting 2nd build in daemon [uptime: 5 mins 40.532 secs, performance: 100%, GC rate: 0.00/s, heap usage: 0% of 3.9 GiB]
2026-07-20T23:19:15.481-0400 [DEBUG] [org.gradle.launcher.daemon.server.exec.ExecuteBuild] The daemon has started executing the build.
2026-07-20T23:19:15.481-0400 [DEBUG] [org.gradle.launcher.daemon.server.exec.ExecuteBuild] Executing build with daemon context: DefaultDaemonContext[uid=1fb3321f-ca31-49ec-b08c-de7d2ccf7565,javaHome=C:\Users\vmunoz2\.jdks\ms-17.0.19,daemonRegistryDir=C:\Users\vmunoz2\IdeaProjects\simpleTestAutomation\gradle\daemon,pid=1380,idleTimeout=10800000,priority=NORMAL,applyInstrumentationAgent=true,daemonOpts=--add-opens=java.base/java.util=ALL-UNNAMED,--add-opens=java.base/java.lang=ALL-UNNAMED,--add-opens=java.base/java.lang.invoke=ALL-UNNAMED,--add-opens=java.prefs/java.util.prefs=ALL-UNNAMED,--add-opens=java.base/java.nio.charset=ALL-UNNAMED,--add-opens=java.base/java.net=ALL-UNNAMED,--add-opens=java.base/java.util.concurrent.atomic=ALL-UNNAMED,-Dfile.encoding=UTF-8,-Duser.country=CL,-Duser.language=es,-Duser.variant]

BUILD SUCCESSFUL in 720ms
2026-07-20T23:19:16.197-0400 [DEBUG] [org.gradle.launcher.daemon.server.exec.ExecuteBuild] The daemon has finished executing the build.
2026-07-20T23:19:16.199-0400 [DEBUG] [org.gradle.launcher.daemon.server.DaemonStateCoordinator] daemon is running. Sleeping until state changes.
2026-07-20T23:19:16.200-0400 [DEBUG] [org.gradle.launcher.daemon.server.DaemonStateCoordinator] Command execution: finished waiting for DaemonCommandExecution[command = Build{id=d9e055b0-8ed7-48bb-933e-e1a55997e73e, currentDir=C:\Users\vmunoz2\IdeaProjects\simpleTestAutomation}, connection = DefaultDaemonConnection: socket connection from /127.0.0.1:58130 to /127.0.0.1:52058]. Result org.gradle.launcher.daemon.server.DaemonStateCoordinator@345b87ca with state Busy
2026-07-20T23:19:16.200-0400 [DEBUG] [org.gradle.launcher.daemon.server.DaemonStateCoordinator] Command execution: completed DaemonCommandExecution[command = Build{id=d9e055b0-8ed7-48bb-933e-e1a55997e73e, currentDir=C:\Users\vmunoz2\IdeaProjects\simpleTestAutomation}, connection = DefaultDaemonConnection: socket connection from /127.0.0.1:58130 to /127.0.0.1:52058]
2026-07-20T23:19:16.200-0400 [DEBUG] [org.gradle.launcher.daemon.server.DaemonStateCoordinator] resetting idle timer
2026-07-20T23:19:16.200-0400 [INFO] [org.gradle.launcher.daemon.server.DaemonRegistryUpdater] Marking the daemon as idle, address: [df38822c-fac1-46f1-97b8-662562588fae port:58130, addresses:[localhost/127.0.0.1]]
2026-07-20T23:19:16.200-0400 [DEBUG] [org.gradle.launcher.daemon.registry.PersistentDaemonRegistry] Marking busy by address: [df38822c-fac1-46f1-97b8-662562588fae port:58130, addresses:[localhost/127.0.0.1]]
2026-07-20T23:19:16.215-0400 [DEBUG] [org.gradle.cache.internal.DefaultFileLockManager] Waiting to acquire exclusive lock on daemon addresses registry.
2026-07-20T23:19:16.215-0400 [DEBUG] [org.gradle.cache.internal.DefaultFileLockManager] Lock acquired on daemon addresses registry.
2026-07-20T23:19:16.229-0400 [DEBUG] [org.gradle.cache.internal.DefaultFileLockManager] Releasing lock on daemon addresses registry.
2026-07-20T23:19:16.230-0400 [DEBUG] [org.gradle.launcher.daemon.server.exec.ReturnResult] Daemon is dispatching the build result: Success[value=org.gradle.launcher.exec.BuildActionResult@386ca9be]
2026-07-20T23:19:16.230-0400 [DEBUG] [org.gradle.launcher.daemon.server.SynchronizedDispatchConnection] thread 108: dispatching Success[value=org.gradle.launcher.exec.BuildActionResult@386ca9be]
2026-07-20T23:19:16.230-0400 [DEBUG] [org.gradle.launcher.daemon.server.DaemonStateCoordinator] daemon is running. Sleeping until state changes.
2026-07-20T23:19:16.230-0400 [DEBUG] [org.gradle.launcher.daemon.server.DefaultIncomingConnectionHandler] Finishing executing command: Build{id=d9e055b0-8ed7-48bb-933e-e1a55997e73e, currentDir=C:\Users\vmunoz2\IdeaProjects\simpleTestAutomation}
2026-07-20T23:19:16.231-0400 [DEBUG] [org.gradle.launcher.daemon.server.SynchronizedDispatchConnection] thread 109: received class org.gradle.launcher.daemon.protocol.CloseInput
2026-07-20T23:19:16.231-0400 [DEBUG] [org.gradle.launcher.daemon.server.DefaultDaemonConnection] thread 109: Received IO message from client: org.gradle.launcher.daemon.protocol.CloseInput@5bbb44fd
2026-07-20T23:19:16.231-0400 [DEBUG] [org.gradle.launcher.daemon.server.SynchronizedDispatchConnection] thread 109: received class org.gradle.launcher.daemon.protocol.Finished
2026-07-20T23:19:16.231-0400 [DEBUG] [org.gradle.launcher.daemon.server.DefaultDaemonConnection] thread 109: Received non-IO message from client: org.gradle.launcher.daemon.protocol.Finished@60430852
2026-07-20T23:19:16.231-0400 [DEBUG] [org.gradle.launcher.daemon.server.DefaultIncomingConnectionHandler] Received finished message: org.gradle.launcher.daemon.protocol.Finished@60430852
2026-07-20T23:19:16.231-0400 [DEBUG] [org.gradle.launcher.daemon.server.SynchronizedDispatchConnection] thread 108: stopping connection
2026-07-20T23:19:16.231-0400 [DEBUG] [org.gradle.internal.remote.internal.inet.SocketConnection] Discarding EOFException: java.io.EOFException
2026-07-20T23:19:16.231-0400 [DEBUG] [org.gradle.launcher.daemon.server.SynchronizedDispatchConnection] thread 109: received null
2026-07-20T23:19:16.231-0400 [DEBUG] [org.gradle.launcher.daemon.server.DefaultDaemonConnection] thread 109: Received end-of-input from client.
2026-07-20T23:19:16.231-0400 [DEBUG] [org.gradle.launcher.daemon.server.SynchronizedDispatchConnection] thread 108: stopping connection
2026-07-20T23:19:25.312-0400 [DEBUG] [org.gradle.cache.internal.DefaultFileLockManager] Waiting to acquire shared lock on daemon addresses registry.
2026-07-20T23:19:25.312-0400 [DEBUG] [org.gradle.cache.internal.DefaultFileLockManager] Lock acquired on daemon addresses registry.
2026-07-20T23:19:25.333-0400 [DEBUG] [org.gradle.cache.internal.DefaultFileLockManager] Releasing lock on daemon addresses registry.
2026-07-20T23:19:25.334-0400 [DEBUG] [org.gradle.cache.internal.DefaultFileLockManager] Waiting to acquire shared lock on daemon addresses registry.
2026-07-20T23:19:25.334-0400 [DEBUG] [org.gradle.cache.internal.DefaultFileLockManager] Lock acquired on daemon addresses registry.
2026-07-20T23:19:25.334-0400 [DEBUG] [org.gradle.cache.internal.DefaultFileLockManager] Releasing lock on daemon addresses registry.
2026-07-20T23:19:27.903-0400 [DEBUG] [org.gradle.internal.remote.internal.inet.TcpIncomingConnector] Accepted connection from /127.0.0.1:52065 to /127.0.0.1:58130.
2026-07-20T23:19:27.907-0400 [DEBUG] [org.gradle.internal.remote.internal.inet.TcpIncomingConnector] Accepted connection from /127.0.0.1:52066 to /127.0.0.1:58130.
2026-07-20T23:19:27.908-0400 [DEBUG] [org.gradle.launcher.daemon.server.SynchronizedDispatchConnection] thread 171: received class org.gradle.launcher.daemon.protocol.StopWhenIdle
2026-07-20T23:19:27.909-0400 [DEBUG] [org.gradle.launcher.daemon.server.DefaultDaemonConnection] thread 171: Received non-IO message from client: StopWhenIdle[id=7fa42d7d-d1ca-400e-9625-e803bc1c575e]
2026-07-20T23:19:27.909-0400 [INFO] [org.gradle.launcher.daemon.server.DefaultIncomingConnectionHandler] Received command: StopWhenIdle[id=7fa42d7d-d1ca-400e-9625-e803bc1c575e].
2026-07-20T23:19:27.909-0400 [DEBUG] [org.gradle.launcher.daemon.server.DefaultIncomingConnectionHandler] Starting executing command: StopWhenIdle[id=7fa42d7d-d1ca-400e-9625-e803bc1c575e] with connection: socket connection from /127.0.0.1:58130 to /127.0.0.1:52065.
2026-07-20T23:19:27.909-0400 [DEBUG] [org.gradle.launcher.daemon.server.DaemonRegistryUpdater] Storing daemon stop event: stop command received
2026-07-20T23:19:27.910-0400 [DEBUG] [org.gradle.launcher.daemon.registry.PersistentDaemonRegistry] Storing daemon stop event with timestamp 1784603967910
2026-07-20T23:19:27.911-0400 [DEBUG] [org.gradle.launcher.daemon.server.SynchronizedDispatchConnection] thread 172: received class org.gradle.launcher.daemon.protocol.StopWhenIdle
2026-07-20T23:19:27.911-0400 [DEBUG] [org.gradle.launcher.daemon.server.DefaultDaemonConnection] thread 172: Received non-IO message from client: StopWhenIdle[id=f590bf44-fba7-4af5-9acb-53d17ba611cf]
2026-07-20T23:19:27.911-0400 [INFO] [org.gradle.launcher.daemon.server.DefaultIncomingConnectionHandler] Received command: StopWhenIdle[id=f590bf44-fba7-4af5-9acb-53d17ba611cf].
2026-07-20T23:19:27.911-0400 [DEBUG] [org.gradle.launcher.daemon.server.DefaultIncomingConnectionHandler] Starting executing command: StopWhenIdle[id=f590bf44-fba7-4af5-9acb-53d17ba611cf] with connection: socket connection from /127.0.0.1:58130 to /127.0.0.1:52066.
2026-07-20T23:19:27.912-0400 [DEBUG] [org.gradle.cache.internal.DefaultFileLockManager] Waiting to acquire exclusive lock on daemon addresses registry.
2026-07-20T23:19:27.912-0400 [DEBUG] [org.gradle.cache.internal.DefaultFileLockManager] Lock acquired on daemon addresses registry.
2026-07-20T23:19:27.914-0400 [DEBUG] [org.gradle.cache.internal.DefaultFileLockManager] Releasing lock on daemon addresses registry.
2026-07-20T23:19:27.915-0400 [LIFECYCLE] [org.gradle.launcher.daemon.server.DaemonStateCoordinator] Daemon will be stopped at the end of the build stop command received
2026-07-20T23:19:27.915-0400 [DEBUG] [org.gradle.launcher.daemon.server.DaemonStateCoordinator] Marking daemon stopped due to stop command received. The daemon is running a build: false
2026-07-20T23:19:27.915-0400 [DEBUG] [org.gradle.launcher.daemon.server.DaemonStateCoordinator] daemon has stopped.
2026-07-20T23:19:27.915-0400 [DEBUG] [org.gradle.launcher.daemon.server.DaemonRegistryUpdater] Storing daemon stop event: stop command received
2026-07-20T23:19:27.915-0400 [DEBUG] [org.gradle.launcher.daemon.registry.PersistentDaemonRegistry] Storing daemon stop event with timestamp 1784603967916
2026-07-20T23:19:27.915-0400 [DEBUG] [org.gradle.launcher.daemon.server.SynchronizedDispatchConnection] thread 108: dispatching Success[value=null]
2026-07-20T23:19:27.916-0400 [DEBUG] [org.gradle.launcher.daemon.server.DefaultIncomingConnectionHandler] Finishing executing command: StopWhenIdle[id=7fa42d7d-d1ca-400e-9625-e803bc1c575e]
2026-07-20T23:19:27.916-0400 [DEBUG] [org.gradle.launcher.daemon.server.SynchronizedDispatchConnection] thread 171: received class org.gradle.launcher.daemon.protocol.Finished
2026-07-20T23:19:27.916-0400 [DEBUG] [org.gradle.launcher.daemon.server.DefaultDaemonConnection] thread 171: Received non-IO message from client: org.gradle.launcher.daemon.protocol.Finished@108c8d7
2026-07-20T23:19:27.916-0400 [DEBUG] [org.gradle.internal.remote.internal.inet.SocketConnection] Discarding EOFException: java.io.EOFException
2026-07-20T23:19:27.916-0400 [DEBUG] [org.gradle.launcher.daemon.server.SynchronizedDispatchConnection] thread 171: received null
2026-07-20T23:19:27.916-0400 [DEBUG] [org.gradle.launcher.daemon.server.DefaultDaemonConnection] thread 171: Received end-of-input from client.
2026-07-20T23:19:27.915-0400 [DEBUG] [org.gradle.launcher.daemon.server.Daemon] stop() called on daemon
2026-07-20T23:19:27.917-0400 [INFO] [org.gradle.launcher.daemon.server.Daemon] Stop requested. Daemon is removing its presence from the registry...
2026-07-20T23:19:27.917-0400 [WARN] [org.gradle.launcher.daemon.server.DefaultIncomingConnectionHandler] Timed out waiting for finished message from client socket connection from /127.0.0.1:58130 to /127.0.0.1:52065. Discarding connection.
2026-07-20T23:19:27.917-0400 [DEBUG] [org.gradle.launcher.daemon.server.SynchronizedDispatchConnection] thread 108: stopping connection
2026-07-20T23:19:27.917-0400 [DEBUG] [org.gradle.launcher.daemon.server.DaemonRegistryUpdater] Removing our presence to clients, eg. removing this address from the registry: [df38822c-fac1-46f1-97b8-662562588fae port:58130, addresses:[localhost/127.0.0.1]]
2026-07-20T23:19:27.918-0400 [DEBUG] [org.gradle.launcher.daemon.server.SynchronizedDispatchConnection] thread 108: stopping connection
2026-07-20T23:19:27.930-0400 [DEBUG] [org.gradle.cache.internal.DefaultFileLockManager] Waiting to acquire exclusive lock on daemon addresses registry.
2026-07-20T23:19:27.931-0400 [DEBUG] [org.gradle.cache.internal.DefaultFileLockManager] Lock acquired on daemon addresses registry.
2026-07-20T23:19:27.945-0400 [DEBUG] [org.gradle.cache.internal.DefaultFileLockManager] Releasing lock on daemon addresses registry.
2026-07-20T23:19:27.946-0400 [DEBUG] [org.gradle.launcher.daemon.server.SynchronizedDispatchConnection] thread 106: dispatching Success[value=null]
2026-07-20T23:19:27.946-0400 [DEBUG] [org.gradle.launcher.daemon.registry.PersistentDaemonRegistry] Removing daemon address: [df38822c-fac1-46f1-97b8-662562588fae port:58130, addresses:[localhost/127.0.0.1]]
2026-07-20T23:19:27.946-0400 [DEBUG] [org.gradle.launcher.daemon.server.DefaultIncomingConnectionHandler] Finishing executing command: StopWhenIdle[id=f590bf44-fba7-4af5-9acb-53d17ba611cf]
2026-07-20T23:19:27.946-0400 [DEBUG] [org.gradle.launcher.daemon.server.SynchronizedDispatchConnection] thread 172: received class org.gradle.launcher.daemon.protocol.Finished
2026-07-20T23:19:27.947-0400 [DEBUG] [org.gradle.launcher.daemon.server.DefaultDaemonConnection] thread 172: Received non-IO message from client: org.gradle.launcher.daemon.protocol.Finished@66ab0aa8
2026-07-20T23:19:27.947-0400 [DEBUG] [org.gradle.internal.remote.internal.inet.SocketConnection] Discarding EOFException: java.io.EOFException
2026-07-20T23:19:27.947-0400 [DEBUG] [org.gradle.launcher.daemon.server.SynchronizedDispatchConnection] thread 172: received null
2026-07-20T23:19:27.947-0400 [DEBUG] [org.gradle.launcher.daemon.server.DefaultDaemonConnection] thread 172: Received end-of-input from client.
2026-07-20T23:19:27.947-0400 [DEBUG] [org.gradle.launcher.daemon.server.DefaultIncomingConnectionHandler] Received finished message: org.gradle.launcher.daemon.protocol.Finished@66ab0aa8
2026-07-20T23:19:27.947-0400 [DEBUG] [org.gradle.launcher.daemon.server.SynchronizedDispatchConnection] thread 106: stopping connection
2026-07-20T23:19:27.948-0400 [DEBUG] [org.gradle.launcher.daemon.server.SynchronizedDispatchConnection] thread 106: stopping connection
2026-07-20T23:19:27.959-0400 [DEBUG] [org.gradle.cache.internal.DefaultFileLockManager] Waiting to acquire exclusive lock on daemon addresses registry.
2026-07-20T23:19:27.959-0400 [DEBUG] [org.gradle.cache.internal.DefaultFileLockManager] Lock acquired on daemon addresses registry.
2026-07-20T23:19:27.975-0400 [DEBUG] [org.gradle.cache.internal.DefaultFileLockManager] Releasing lock on daemon addresses registry.
2026-07-20T23:19:27.975-0400 [DEBUG] [org.gradle.launcher.daemon.server.DaemonRegistryUpdater] Address removed from registry.
2026-07-20T23:19:27.976-0400 [DEBUG] [org.gradle.cache.internal.LockOnDemandCrossProcessCacheAccess] Releasing file lock for jars (C:\Users\vmunoz2\IdeaProjects\simpleTestAutomation\gradle\caches\jars-9)
2026-07-20T23:19:27.977-0400 [DEBUG] [org.gradle.cache.internal.DefaultFileLockManager] Releasing lock on jars (C:\Users\vmunoz2\IdeaProjects\simpleTestAutomation\gradle\caches\jars-9).
2026-07-20T23:19:27.977-0400 [DEBUG] [org.gradle.cache.internal.DefaultPersistentDirectoryStore] jars (C:\Users\vmunoz2\IdeaProjects\simpleTestAutomation\gradle\caches\jars-9) has last been fully cleaned up 19 hours ago
2026-07-20T23:19:27.978-0400 [DEBUG] [org.gradle.cache.internal.DefaultPersistentDirectoryStore] Artifact transforms cache (C:\Users\vmunoz2\IdeaProjects\simpleTestAutomation\gradle\caches\transforms-3) has last been fully cleaned up 19 hours ago
2026-07-20T23:19:27.978-0400 [DEBUG] [org.gradle.cache.internal.DefaultCacheCoordinator] Cache Artifact transforms cache (C:\Users\vmunoz2\IdeaProjects\simpleTestAutomation\gradle\caches\transforms-3) was closed 0 times.
2026-07-20T23:19:27.978-0400 [DEBUG] [org.gradle.cache.internal.LockOnDemandCrossProcessCacheAccess] Releasing file lock for file content cache (C:\Users\vmunoz2\IdeaProjects\simpleTestAutomation\gradle\caches\8.5\fileContent)
2026-07-20T23:19:27.979-0400 [DEBUG] [org.gradle.cache.internal.DefaultFileLockManager] Releasing lock on file content cache (C:\Users\vmunoz2\IdeaProjects\simpleTestAutomation\gradle\caches\8.5\fileContent).
2026-07-20T23:19:27.979-0400 [DEBUG] [org.gradle.internal.watch.vfs.impl.WatchingVirtualFileSystem] Closing VFS, dropping state
2026-07-20T23:19:27.981-0400 [DEBUG] [org.gradle.cache.internal.DefaultCacheCoordinator] Cache Generated Gradle JARs cache (C:\Users\vmunoz2\IdeaProjects\simpleTestAutomation\gradle\caches\8.5\generated-gradle-jars) was closed 0 times.
2026-07-20T23:19:27.981-0400 [DEBUG] [org.gradle.internal.watch.registry.impl.DefaultFileWatcherRegistry] Finished listening to file system change events
2026-07-20T23:19:27.981-0400 [DEBUG] [org.gradle.cache.internal.LockOnDemandCrossProcessCacheAccess] Releasing file lock for artifact cache (C:\Users\vmunoz2\IdeaProjects\simpleTestAutomation\gradle\caches\modules-2)
2026-07-20T23:19:27.981-0400 [DEBUG] [org.gradle.cache.internal.btree.BTreePersistentIndexedCache] Closing cache module-artifact.bin (C:\Users\vmunoz2\IdeaProjects\simpleTestAutomation\gradle\caches\modules-2\metadata-2.106\module-artifact.bin)
2026-07-20T23:19:27.982-0400 [DEBUG] [org.gradle.cache.internal.btree.BTreePersistentIndexedCache] Closing cache module-metadata.bin (C:\Users\vmunoz2\IdeaProjects\simpleTestAutomation\gradle\caches\modules-2\metadata-2.106\module-metadata.bin)
2026-07-20T23:19:27.982-0400 [DEBUG] [org.gradle.cache.internal.btree.BTreePersistentIndexedCache] Closing cache module-artifacts.bin (C:\Users\vmunoz2\IdeaProjects\simpleTestAutomation\gradle\caches\modules-2\metadata-2.106\module-artifacts.bin)
2026-07-20T23:19:27.982-0400 [DEBUG] [org.gradle.cache.internal.DefaultFileLockManager] Releasing lock on artifact cache (C:\Users\vmunoz2\IdeaProjects\simpleTestAutomation\gradle\caches\modules-2).
2026-07-20T23:19:27.983-0400 [DEBUG] [org.gradle.cache.internal.DefaultPersistentDirectoryStore] artifact cache (C:\Users\vmunoz2\IdeaProjects\simpleTestAutomation\gradle\caches\modules-2) has last been fully cleaned up 19 hours ago
2026-07-20T23:19:27.983-0400 [DEBUG] [org.gradle.cache.internal.LockOnDemandCrossProcessCacheAccess] Releasing file lock for journal cache (C:\Users\vmunoz2\IdeaProjects\simpleTestAutomation\gradle\caches\journal-1)
2026-07-20T23:19:27.984-0400 [DEBUG] [org.gradle.cache.internal.btree.BTreePersistentIndexedCache] Closing cache file-access.bin (C:\Users\vmunoz2\IdeaProjects\simpleTestAutomation\gradle\caches\journal-1\file-access.bin)
2026-07-20T23:19:27.984-0400 [DEBUG] [org.gradle.cache.internal.DefaultFileLockManager] Releasing lock on journal cache (C:\Users\vmunoz2\IdeaProjects\simpleTestAutomation\gradle\caches\journal-1).
2026-07-20T23:19:27.984-0400 [DEBUG] [org.gradle.cache.internal.LockOnDemandCrossProcessCacheAccess] Releasing file lock for file hash cache (C:\Users\vmunoz2\IdeaProjects\simpleTestAutomation\gradle\caches\8.5\fileHashes)
2026-07-20T23:19:27.984-0400 [DEBUG] [org.gradle.cache.internal.btree.BTreePersistentIndexedCache] Closing cache fileHashes.bin (C:\Users\vmunoz2\IdeaProjects\simpleTestAutomation\gradle\caches\8.5\fileHashes\fileHashes.bin)
2026-07-20T23:19:27.985-0400 [DEBUG] [org.gradle.cache.internal.btree.BTreePersistentIndexedCache] Closing cache resourceHashesCache.bin (C:\Users\vmunoz2\IdeaProjects\simpleTestAutomation\gradle\caches\8.5\fileHashes\resourceHashesCache.bin)
2026-07-20T23:19:27.985-0400 [DEBUG] [org.gradle.cache.internal.DefaultFileLockManager] Releasing lock on file hash cache (C:\Users\vmunoz2\IdeaProjects\simpleTestAutomation\gradle\caches\8.5\fileHashes).
2026-07-20T23:19:27.985-0400 [DEBUG] [org.gradle.cache.internal.LockOnDemandCrossProcessCacheAccess] Releasing file lock for execution history cache (C:\Users\vmunoz2\IdeaProjects\simpleTestAutomation\gradle\caches\8.5\executionHistory)
2026-07-20T23:19:27.985-0400 [DEBUG] [org.gradle.cache.internal.DefaultFileLockManager] Releasing lock on execution history cache (C:\Users\vmunoz2\IdeaProjects\simpleTestAutomation\gradle\caches\8.5\executionHistory).
Daemon vm is shutting down... The daemon has exited normally or was terminated in response to a user interrupt.
2026-07-20T23:19:27.987-0400 [DEBUG] [org.gradle.launcher.daemon.registry.PersistentDaemonRegistry] Removing daemon address: [df38822c-fac1-46f1-97b8-662562588fae port:58130, addresses:[localhost/127.0.0.1]]
2026-07-20T23:19:27.998-0400 [DEBUG] [org.gradle.cache.internal.DefaultFileLockManager] Waiting to acquire exclusive lock on daemon addresses registry.
2026-07-20T23:19:27.999-0400 [DEBUG] [org.gradle.cache.internal.DefaultFileLockManager] Lock acquired on daemon addresses registry.
2026-07-20T23:19:28.012-0400 [DEBUG] [org.gradle.cache.internal.DefaultFileLockManager] Releasing lock on daemon addresses registry.
