2026-07-17T10:35:53.966-0400 [DEBUG] [org.gradle.launcher.daemon.bootstrap.DaemonMain] Assuming the daemon was started with following jvm opts: [--add-opens=java.base/java.util=ALL-UNNAMED, --add-opens=java.base/java.lang=ALL-UNNAMED, --add-opens=java.base/java.lang.invoke=ALL-UNNAMED, --add-opens=java.prefs/java.util.prefs=ALL-UNNAMED, --add-opens=java.base/java.nio.charset=ALL-UNNAMED, --add-opens=java.base/java.net=ALL-UNNAMED, --add-opens=java.base/java.util.concurrent.atomic=ALL-UNNAMED, -XX:MaxMetaspaceSize=384m, -XX:+HeapDumpOnOutOfMemoryError, -Xms256m, -Xmx512m, -Dfile.encoding=UTF-8, -Duser.country=CL, -Duser.language=es, -Duser.variant]
2026-07-17T10:35:54.128-0400 [DEBUG] [org.gradle.internal.nativeintegration.services.NativeServices] Native-platform posix files integration is not available. Continuing with fallback.
2026-07-17T10:35:54.139-0400 [INFO] [org.gradle.launcher.daemon.server.Daemon] start() called on daemon - DefaultDaemonContext[uid=27d272ab-e076-4ba5-aafa-04fc7fae4cc3,javaHome=C:\Users\vmunoz2\.jdks\ms-17.0.19,daemonRegistryDir=C:\Users\vmunoz2\IdeaProjects\simpleTestAutomation\gradle\daemon,pid=20096,idleTimeout=10800000,priority=NORMAL,applyInstrumentationAgent=true,daemonOpts=--add-opens=java.base/java.util=ALL-UNNAMED,--add-opens=java.base/java.lang=ALL-UNNAMED,--add-opens=java.base/java.lang.invoke=ALL-UNNAMED,--add-opens=java.prefs/java.util.prefs=ALL-UNNAMED,--add-opens=java.base/java.nio.charset=ALL-UNNAMED,--add-opens=java.base/java.net=ALL-UNNAMED,--add-opens=java.base/java.util.concurrent.atomic=ALL-UNNAMED,-XX:MaxMetaspaceSize=384m,-XX:+HeapDumpOnOutOfMemoryError,-Xms256m,-Xmx512m,-Dfile.encoding=UTF-8,-Duser.country=CL,-Duser.language=es,-Duser.variant]
2026-07-17T10:35:54.282-0400 [DEBUG] [org.gradle.internal.remote.internal.inet.InetAddresses] Adding IP addresses for network interface Software Loopback Interface 1
2026-07-17T10:35:54.286-0400 [DEBUG] [org.gradle.internal.remote.internal.inet.InetAddresses] Is this a loopback interface? true
2026-07-17T10:35:54.286-0400 [DEBUG] [org.gradle.internal.remote.internal.inet.InetAddresses] Adding loopback address /127.0.0.1
2026-07-17T10:35:54.286-0400 [DEBUG] [org.gradle.internal.remote.internal.inet.InetAddresses] Adding loopback address /0:0:0:0:0:0:0:1
2026-07-17T10:35:54.287-0400 [DEBUG] [org.gradle.internal.remote.internal.inet.InetAddresses] Adding IP addresses for network interface Microsoft 6to4 Adapter
2026-07-17T10:35:54.289-0400 [DEBUG] [org.gradle.internal.remote.internal.inet.InetAddresses] Is this a loopback interface? false
2026-07-17T10:35:54.289-0400 [DEBUG] [org.gradle.internal.remote.internal.inet.InetAddresses] Adding IP addresses for network interface WAN Miniport (Network Monitor)
2026-07-17T10:35:54.292-0400 [DEBUG] [org.gradle.internal.remote.internal.inet.InetAddresses] Is this a loopback interface? false
2026-07-17T10:35:54.292-0400 [DEBUG] [org.gradle.internal.remote.internal.inet.InetAddresses] Adding IP addresses for network interface Bluetooth Device (Personal Area Network) #2
2026-07-17T10:35:54.294-0400 [DEBUG] [org.gradle.internal.remote.internal.inet.InetAddresses] Is this a loopback interface? false
2026-07-17T10:35:54.294-0400 [DEBUG] [org.gradle.internal.remote.internal.inet.InetAddresses] Adding IP addresses for network interface Microsoft IP-HTTPS Platform Adapter
2026-07-17T10:35:54.296-0400 [DEBUG] [org.gradle.internal.remote.internal.inet.InetAddresses] Is this a loopback interface? false
2026-07-17T10:35:54.297-0400 [DEBUG] [org.gradle.internal.remote.internal.inet.InetAddresses] Adding IP addresses for network interface Microsoft Kernel Debug Network Adapter
2026-07-17T10:35:54.299-0400 [DEBUG] [org.gradle.internal.remote.internal.inet.InetAddresses] Is this a loopback interface? false
2026-07-17T10:35:54.299-0400 [DEBUG] [org.gradle.internal.remote.internal.inet.InetAddresses] Adding IP addresses for network interface WAN Miniport (IP)
2026-07-17T10:35:54.302-0400 [DEBUG] [org.gradle.internal.remote.internal.inet.InetAddresses] Is this a loopback interface? false
2026-07-17T10:35:54.302-0400 [DEBUG] [org.gradle.internal.remote.internal.inet.InetAddresses] Adding IP addresses for network interface Realtek PCIe GbE Family Controller
2026-07-17T10:35:54.304-0400 [DEBUG] [org.gradle.internal.remote.internal.inet.InetAddresses] Is this a loopback interface? false
2026-07-17T10:35:54.305-0400 [DEBUG] [org.gradle.internal.remote.internal.inet.InetAddresses] Adding IP addresses for network interface Intel(R) Wi-Fi 6 AX201 160MHz
2026-07-17T10:35:54.307-0400 [DEBUG] [org.gradle.internal.remote.internal.inet.InetAddresses] Is this a loopback interface? false
2026-07-17T10:35:54.307-0400 [DEBUG] [org.gradle.internal.remote.internal.inet.InetAddresses] Adding remote address /192.168.50.172
2026-07-17T10:35:54.307-0400 [DEBUG] [org.gradle.internal.remote.internal.inet.InetAddresses] Adding remote address /fe80:0:0:0:9723:a710:fba2:768b%wlan0
2026-07-17T10:35:54.307-0400 [DEBUG] [org.gradle.internal.remote.internal.inet.InetAddresses] Adding IP addresses for network interface Microsoft Teredo Tunneling Adapter
2026-07-17T10:35:54.310-0400 [DEBUG] [org.gradle.internal.remote.internal.inet.InetAddresses] Is this a loopback interface? false
2026-07-17T10:35:54.310-0400 [DEBUG] [org.gradle.internal.remote.internal.inet.InetAddresses] Adding IP addresses for network interface Realtek PCIe GbE Family Controller #2
2026-07-17T10:35:54.312-0400 [DEBUG] [org.gradle.internal.remote.internal.inet.InetAddresses] Is this a loopback interface? false
2026-07-17T10:35:54.312-0400 [DEBUG] [org.gradle.internal.remote.internal.inet.InetAddresses] Adding remote address /fe80:0:0:0:e7e7:2324:588:696a%eth5
2026-07-17T10:35:54.312-0400 [DEBUG] [org.gradle.internal.remote.internal.inet.InetAddresses] Adding IP addresses for network interface WAN Miniport (L2TP)
2026-07-17T10:35:54.315-0400 [DEBUG] [org.gradle.internal.remote.internal.inet.InetAddresses] Is this a loopback interface? false
2026-07-17T10:35:54.315-0400 [DEBUG] [org.gradle.internal.remote.internal.inet.InetAddresses] Adding IP addresses for network interface WAN Miniport (PPPOE)
2026-07-17T10:35:54.317-0400 [DEBUG] [org.gradle.internal.remote.internal.inet.InetAddresses] Is this a loopback interface? false
2026-07-17T10:35:54.317-0400 [DEBUG] [org.gradle.internal.remote.internal.inet.InetAddresses] Adding IP addresses for network interface WAN Miniport (IKEv2)
2026-07-17T10:35:54.320-0400 [DEBUG] [org.gradle.internal.remote.internal.inet.InetAddresses] Is this a loopback interface? false
2026-07-17T10:35:54.320-0400 [DEBUG] [org.gradle.internal.remote.internal.inet.InetAddresses] Adding IP addresses for network interface Microsoft Wi-Fi Direct Virtual Adapter
2026-07-17T10:35:54.323-0400 [DEBUG] [org.gradle.internal.remote.internal.inet.InetAddresses] Is this a loopback interface? false
2026-07-17T10:35:54.323-0400 [DEBUG] [org.gradle.internal.remote.internal.inet.InetAddresses] Adding remote address /fe80:0:0:0:45d2:92bc:322c:779%wlan1
2026-07-17T10:35:54.323-0400 [DEBUG] [org.gradle.internal.remote.internal.inet.InetAddresses] Adding IP addresses for network interface WAN Miniport (PPTP)
2026-07-17T10:35:54.325-0400 [DEBUG] [org.gradle.internal.remote.internal.inet.InetAddresses] Is this a loopback interface? false
2026-07-17T10:35:54.325-0400 [DEBUG] [org.gradle.internal.remote.internal.inet.InetAddresses] Adding IP addresses for network interface Bluetooth Device (Personal Area Network)
2026-07-17T10:35:54.327-0400 [DEBUG] [org.gradle.internal.remote.internal.inet.InetAddresses] Is this a loopback interface? false
2026-07-17T10:35:54.328-0400 [DEBUG] [org.gradle.internal.remote.internal.inet.InetAddresses] Adding IP addresses for network interface WAN Miniport (SSTP)
2026-07-17T10:35:54.330-0400 [DEBUG] [org.gradle.internal.remote.internal.inet.InetAddresses] Is this a loopback interface? false
2026-07-17T10:35:54.330-0400 [DEBUG] [org.gradle.internal.remote.internal.inet.InetAddresses] Adding IP addresses for network interface WAN Miniport (IPv6)
2026-07-17T10:35:54.333-0400 [DEBUG] [org.gradle.internal.remote.internal.inet.InetAddresses] Is this a loopback interface? false
2026-07-17T10:35:54.333-0400 [DEBUG] [org.gradle.internal.remote.internal.inet.InetAddresses] Adding IP addresses for network interface Microsoft Wi-Fi Direct Virtual Adapter #2
2026-07-17T10:35:54.335-0400 [DEBUG] [org.gradle.internal.remote.internal.inet.InetAddresses] Is this a loopback interface? false
2026-07-17T10:35:54.335-0400 [DEBUG] [org.gradle.internal.remote.internal.inet.InetAddresses] Adding remote address /fe80:0:0:0:8103:8075:5633:79c1%wlan2
2026-07-17T10:35:54.336-0400 [DEBUG] [org.gradle.internal.remote.internal.inet.InetAddresses] Adding IP addresses for network interface Realtek USB GbE Family Controller
2026-07-17T10:35:54.338-0400 [DEBUG] [org.gradle.internal.remote.internal.inet.InetAddresses] Is this a loopback interface? false
2026-07-17T10:35:54.338-0400 [DEBUG] [org.gradle.internal.remote.internal.inet.InetAddresses] Adding IP addresses for network interface Realtek PCIe GbE Family Controller #2-WFP Native MAC Layer LightWeight Filter-0000
2026-07-17T10:35:54.340-0400 [DEBUG] [org.gradle.internal.remote.internal.inet.InetAddresses] Is this a loopback interface? false
2026-07-17T10:35:54.340-0400 [DEBUG] [org.gradle.internal.remote.internal.inet.InetAddresses] Adding IP addresses for network interface Realtek PCIe GbE Family Controller #2-Cspcap Packet Driver (CSPCAP)-0000
2026-07-17T10:35:54.343-0400 [DEBUG] [org.gradle.internal.remote.internal.inet.InetAddresses] Is this a loopback interface? false
2026-07-17T10:35:54.343-0400 [DEBUG] [org.gradle.internal.remote.internal.inet.InetAddresses] Adding IP addresses for network interface Realtek PCIe GbE Family Controller #2-QoS Packet Scheduler-0000
2026-07-17T10:35:54.345-0400 [DEBUG] [org.gradle.internal.remote.internal.inet.InetAddresses] Is this a loopback interface? false
2026-07-17T10:35:54.345-0400 [DEBUG] [org.gradle.internal.remote.internal.inet.InetAddresses] Adding IP addresses for network interface Realtek PCIe GbE Family Controller #2-WFP 802.3 MAC Layer LightWeight Filter-0000
2026-07-17T10:35:54.347-0400 [DEBUG] [org.gradle.internal.remote.internal.inet.InetAddresses] Is this a loopback interface? false
2026-07-17T10:35:54.348-0400 [DEBUG] [org.gradle.internal.remote.internal.inet.InetAddresses] Adding IP addresses for network interface Microsoft Wi-Fi Direct Virtual Adapter-WFP Native MAC Layer LightWeight Filter-0000
2026-07-17T10:35:54.350-0400 [DEBUG] [org.gradle.internal.remote.internal.inet.InetAddresses] Is this a loopback interface? false
2026-07-17T10:35:54.350-0400 [DEBUG] [org.gradle.internal.remote.internal.inet.InetAddresses] Adding IP addresses for network interface Intel(R) Wi-Fi 6 AX201 160MHz-WFP Native MAC Layer LightWeight Filter-0000
2026-07-17T10:35:54.352-0400 [DEBUG] [org.gradle.internal.remote.internal.inet.InetAddresses] Is this a loopback interface? false
2026-07-17T10:35:54.352-0400 [DEBUG] [org.gradle.internal.remote.internal.inet.InetAddresses] Adding IP addresses for network interface Intel(R) Wi-Fi 6 AX201 160MHz-Virtual WiFi Filter Driver-0000
2026-07-17T10:35:54.355-0400 [DEBUG] [org.gradle.internal.remote.internal.inet.InetAddresses] Is this a loopback interface? false
2026-07-17T10:35:54.355-0400 [DEBUG] [org.gradle.internal.remote.internal.inet.InetAddresses] Adding IP addresses for network interface Intel(R) Wi-Fi 6 AX201 160MHz-Native WiFi Filter Driver-0000
2026-07-17T10:35:54.357-0400 [DEBUG] [org.gradle.internal.remote.internal.inet.InetAddresses] Is this a loopback interface? false
2026-07-17T10:35:54.357-0400 [DEBUG] [org.gradle.internal.remote.internal.inet.InetAddresses] Adding IP addresses for network interface Intel(R) Wi-Fi 6 AX201 160MHz-Cspcap Packet Driver (CSPCAP)-0000
2026-07-17T10:35:54.359-0400 [DEBUG] [org.gradle.internal.remote.internal.inet.InetAddresses] Is this a loopback interface? false
2026-07-17T10:35:54.359-0400 [DEBUG] [org.gradle.internal.remote.internal.inet.InetAddresses] Adding IP addresses for network interface Intel(R) Wi-Fi 6 AX201 160MHz-QoS Packet Scheduler-0000
2026-07-17T10:35:54.361-0400 [DEBUG] [org.gradle.internal.remote.internal.inet.InetAddresses] Is this a loopback interface? false
2026-07-17T10:35:54.362-0400 [DEBUG] [org.gradle.internal.remote.internal.inet.InetAddresses] Adding IP addresses for network interface Intel(R) Wi-Fi 6 AX201 160MHz-WFP 802.3 MAC Layer LightWeight Filter-0000
2026-07-17T10:35:54.364-0400 [DEBUG] [org.gradle.internal.remote.internal.inet.InetAddresses] Is this a loopback interface? false
2026-07-17T10:35:54.364-0400 [DEBUG] [org.gradle.internal.remote.internal.inet.InetAddresses] Adding IP addresses for network interface Microsoft Wi-Fi Direct Virtual Adapter-Native WiFi Filter Driver-0000
2026-07-17T10:35:54.367-0400 [DEBUG] [org.gradle.internal.remote.internal.inet.InetAddresses] Is this a loopback interface? false
2026-07-17T10:35:54.367-0400 [DEBUG] [org.gradle.internal.remote.internal.inet.InetAddresses] Adding IP addresses for network interface Microsoft Wi-Fi Direct Virtual Adapter-Cspcap Packet Driver (CSPCAP)-0000
2026-07-17T10:35:54.369-0400 [DEBUG] [org.gradle.internal.remote.internal.inet.InetAddresses] Is this a loopback interface? false
2026-07-17T10:35:54.369-0400 [DEBUG] [org.gradle.internal.remote.internal.inet.InetAddresses] Adding IP addresses for network interface Microsoft Wi-Fi Direct Virtual Adapter-QoS Packet Scheduler-0000
2026-07-17T10:35:54.371-0400 [DEBUG] [org.gradle.internal.remote.internal.inet.InetAddresses] Is this a loopback interface? false
2026-07-17T10:35:54.371-0400 [DEBUG] [org.gradle.internal.remote.internal.inet.InetAddresses] Adding IP addresses for network interface Microsoft Wi-Fi Direct Virtual Adapter-WFP 802.3 MAC Layer LightWeight Filter-0000
2026-07-17T10:35:54.374-0400 [DEBUG] [org.gradle.internal.remote.internal.inet.InetAddresses] Is this a loopback interface? false
2026-07-17T10:35:54.374-0400 [DEBUG] [org.gradle.internal.remote.internal.inet.InetAddresses] Adding IP addresses for network interface Getronics VPN
2026-07-17T10:35:54.376-0400 [DEBUG] [org.gradle.internal.remote.internal.inet.InetAddresses] Is this a loopback interface? false
2026-07-17T10:35:54.376-0400 [DEBUG] [org.gradle.internal.remote.internal.inet.InetAddresses] Adding remote address /129.189.120.24
2026-07-17T10:35:54.376-0400 [DEBUG] [org.gradle.internal.remote.internal.inet.InetAddresses] Adding IP addresses for network interface Microsoft Wi-Fi Direct Virtual Adapter #2-WFP Native MAC Layer LightWeight Filter-0000
2026-07-17T10:35:54.379-0400 [DEBUG] [org.gradle.internal.remote.internal.inet.InetAddresses] Is this a loopback interface? false
2026-07-17T10:35:54.379-0400 [DEBUG] [org.gradle.internal.remote.internal.inet.InetAddresses] Adding IP addresses for network interface Microsoft Wi-Fi Direct Virtual Adapter #2-Native WiFi Filter Driver-0000
2026-07-17T10:35:54.381-0400 [DEBUG] [org.gradle.internal.remote.internal.inet.InetAddresses] Is this a loopback interface? false
2026-07-17T10:35:54.381-0400 [DEBUG] [org.gradle.internal.remote.internal.inet.InetAddresses] Adding IP addresses for network interface Microsoft Wi-Fi Direct Virtual Adapter #2-Cspcap Packet Driver (CSPCAP)-0000
2026-07-17T10:35:54.384-0400 [DEBUG] [org.gradle.internal.remote.internal.inet.InetAddresses] Is this a loopback interface? false
2026-07-17T10:35:54.384-0400 [DEBUG] [org.gradle.internal.remote.internal.inet.InetAddresses] Adding IP addresses for network interface Microsoft Wi-Fi Direct Virtual Adapter #2-QoS Packet Scheduler-0000
2026-07-17T10:35:54.386-0400 [DEBUG] [org.gradle.internal.remote.internal.inet.InetAddresses] Is this a loopback interface? false
2026-07-17T10:35:54.386-0400 [DEBUG] [org.gradle.internal.remote.internal.inet.InetAddresses] Adding IP addresses for network interface Microsoft Wi-Fi Direct Virtual Adapter #2-WFP 802.3 MAC Layer LightWeight Filter-0000
2026-07-17T10:35:54.388-0400 [DEBUG] [org.gradle.internal.remote.internal.inet.InetAddresses] Is this a loopback interface? false
2026-07-17T10:35:54.388-0400 [DEBUG] [org.gradle.internal.remote.internal.inet.InetAddresses] Adding IP addresses for network interface WAN Miniport (IP)-WFP Native MAC Layer LightWeight Filter-0000
2026-07-17T10:35:54.390-0400 [DEBUG] [org.gradle.internal.remote.internal.inet.InetAddresses] Is this a loopback interface? false
2026-07-17T10:35:54.390-0400 [DEBUG] [org.gradle.internal.remote.internal.inet.InetAddresses] Adding IP addresses for network interface WAN Miniport (IP)-Cspcap Packet Driver (CSPCAP)-0000
2026-07-17T10:35:54.393-0400 [DEBUG] [org.gradle.internal.remote.internal.inet.InetAddresses] Is this a loopback interface? false
2026-07-17T10:35:54.393-0400 [DEBUG] [org.gradle.internal.remote.internal.inet.InetAddresses] Adding IP addresses for network interface WAN Miniport (IP)-QoS Packet Scheduler-0000
2026-07-17T10:35:54.395-0400 [DEBUG] [org.gradle.internal.remote.internal.inet.InetAddresses] Is this a loopback interface? false
2026-07-17T10:35:54.395-0400 [DEBUG] [org.gradle.internal.remote.internal.inet.InetAddresses] Adding IP addresses for network interface WAN Miniport (IPv6)-WFP Native MAC Layer LightWeight Filter-0000
2026-07-17T10:35:54.398-0400 [DEBUG] [org.gradle.internal.remote.internal.inet.InetAddresses] Is this a loopback interface? false
2026-07-17T10:35:54.398-0400 [DEBUG] [org.gradle.internal.remote.internal.inet.InetAddresses] Adding IP addresses for network interface WAN Miniport (IPv6)-Cspcap Packet Driver (CSPCAP)-0000
2026-07-17T10:35:54.400-0400 [DEBUG] [org.gradle.internal.remote.internal.inet.InetAddresses] Is this a loopback interface? false
2026-07-17T10:35:54.400-0400 [DEBUG] [org.gradle.internal.remote.internal.inet.InetAddresses] Adding IP addresses for network interface WAN Miniport (IPv6)-QoS Packet Scheduler-0000
2026-07-17T10:35:54.403-0400 [DEBUG] [org.gradle.internal.remote.internal.inet.InetAddresses] Is this a loopback interface? false
2026-07-17T10:35:54.403-0400 [DEBUG] [org.gradle.internal.remote.internal.inet.InetAddresses] Adding IP addresses for network interface WAN Miniport (Network Monitor)-WFP Native MAC Layer LightWeight Filter-0000
2026-07-17T10:35:54.405-0400 [DEBUG] [org.gradle.internal.remote.internal.inet.InetAddresses] Is this a loopback interface? false
2026-07-17T10:35:54.405-0400 [DEBUG] [org.gradle.internal.remote.internal.inet.InetAddresses] Adding IP addresses for network interface WAN Miniport (Network Monitor)-Cspcap Packet Driver (CSPCAP)-0000
2026-07-17T10:35:54.408-0400 [DEBUG] [org.gradle.internal.remote.internal.inet.InetAddresses] Is this a loopback interface? false
2026-07-17T10:35:54.408-0400 [DEBUG] [org.gradle.internal.remote.internal.inet.InetAddresses] Adding IP addresses for network interface WAN Miniport (Network Monitor)-QoS Packet Scheduler-0000
2026-07-17T10:35:54.410-0400 [DEBUG] [org.gradle.internal.remote.internal.inet.InetAddresses] Is this a loopback interface? false
2026-07-17T10:35:54.420-0400 [DEBUG] [org.gradle.internal.remote.internal.inet.TcpIncomingConnector] Listening on [c7569731-aaec-4661-801a-8672de323602 port:52852, addresses:[localhost/127.0.0.1]].
2026-07-17T10:35:54.439-0400 [DEBUG] [org.gradle.launcher.daemon.server.Daemon] Daemon starting at: Fri Jul 17 10:35:54 CLT 2026, with address: [c7569731-aaec-4661-801a-8672de323602 port:52852, addresses:[localhost/127.0.0.1]]
2026-07-17T10:35:54.439-0400 [INFO] [org.gradle.launcher.daemon.server.DaemonRegistryUpdater] Advertising the daemon address to the clients: [c7569731-aaec-4661-801a-8672de323602 port:52852, addresses:[localhost/127.0.0.1]]
2026-07-17T10:35:54.439-0400 [DEBUG] [org.gradle.launcher.daemon.server.DaemonRegistryUpdater] Advertised daemon context: DefaultDaemonContext[uid=27d272ab-e076-4ba5-aafa-04fc7fae4cc3,javaHome=C:\Users\vmunoz2\.jdks\ms-17.0.19,daemonRegistryDir=C:\Users\vmunoz2\IdeaProjects\simpleTestAutomation\gradle\daemon,pid=20096,idleTimeout=10800000,priority=NORMAL,applyInstrumentationAgent=true,daemonOpts=--add-opens=java.base/java.util=ALL-UNNAMED,--add-opens=java.base/java.lang=ALL-UNNAMED,--add-opens=java.base/java.lang.invoke=ALL-UNNAMED,--add-opens=java.prefs/java.util.prefs=ALL-UNNAMED,--add-opens=java.base/java.nio.charset=ALL-UNNAMED,--add-opens=java.base/java.net=ALL-UNNAMED,--add-opens=java.base/java.util.concurrent.atomic=ALL-UNNAMED,-XX:MaxMetaspaceSize=384m,-XX:+HeapDumpOnOutOfMemoryError,-Xms256m,-Xmx512m,-Dfile.encoding=UTF-8,-Duser.country=CL,-Duser.language=es,-Duser.variant]
2026-07-17T10:35:54.440-0400 [DEBUG] [org.gradle.launcher.daemon.registry.PersistentDaemonRegistry] Storing daemon address: [c7569731-aaec-4661-801a-8672de323602 port:52852, addresses:[localhost/127.0.0.1]], context: DefaultDaemonContext[uid=27d272ab-e076-4ba5-aafa-04fc7fae4cc3,javaHome=C:\Users\vmunoz2\.jdks\ms-17.0.19,daemonRegistryDir=C:\Users\vmunoz2\IdeaProjects\simpleTestAutomation\gradle\daemon,pid=20096,idleTimeout=10800000,priority=NORMAL,applyInstrumentationAgent=true,daemonOpts=--add-opens=java.base/java.util=ALL-UNNAMED,--add-opens=java.base/java.lang=ALL-UNNAMED,--add-opens=java.base/java.lang.invoke=ALL-UNNAMED,--add-opens=java.prefs/java.util.prefs=ALL-UNNAMED,--add-opens=java.base/java.nio.charset=ALL-UNNAMED,--add-opens=java.base/java.net=ALL-UNNAMED,--add-opens=java.base/java.util.concurrent.atomic=ALL-UNNAMED,-XX:MaxMetaspaceSize=384m,-XX:+HeapDumpOnOutOfMemoryError,-Xms256m,-Xmx512m,-Dfile.encoding=UTF-8,-Duser.country=CL,-Duser.language=es,-Duser.variant]
2026-07-17T10:35:54.455-0400 [DEBUG] [org.gradle.cache.internal.DefaultFileLockManager] Waiting to acquire exclusive lock on daemon addresses registry.
2026-07-17T10:35:54.461-0400 [DEBUG] [org.gradle.cache.internal.DefaultFileLockManager] Lock acquired on daemon addresses registry.
2026-07-17T10:35:54.466-0400 [DEBUG] [org.gradle.cache.internal.DefaultFileLockManager] Releasing lock on daemon addresses registry.
2026-07-17T10:35:54.467-0400 [LIFECYCLE] [org.gradle.launcher.daemon.server.Daemon] Daemon server started.
2026-07-17T10:35:54.468-0400 [DEBUG] [org.gradle.launcher.daemon.bootstrap.DaemonStartupCommunication] Completed writing the daemon greeting. Closing streams...
2026-07-17T10:35:54.473-0400 [DEBUG] [org.gradle.launcher.daemon.server.Daemon] stopOnExpiration() called on daemon
2026-07-17T10:35:54.475-0400 [DEBUG] [org.gradle.launcher.daemon.server.Daemon] awaitExpiration() called on daemon
2026-07-17T10:35:54.475-0400 [DEBUG] [org.gradle.launcher.daemon.server.DaemonStateCoordinator] daemon is running. Sleeping until state changes.
2026-07-17T10:35:54.498-0400 [DEBUG] [org.gradle.internal.remote.internal.inet.TcpIncomingConnector] Accepted connection from /127.0.0.1:52853 to /127.0.0.1:52852.
2026-07-17T10:35:54.551-0400 [DEBUG] [org.gradle.launcher.daemon.server.SynchronizedDispatchConnection] thread 22: received class org.gradle.launcher.daemon.protocol.Build
2026-07-17T10:35:54.552-0400 [DEBUG] [org.gradle.launcher.daemon.server.DefaultDaemonConnection] thread 22: Received non-IO message from client: Build{id=39921e71-1013-4966-822b-d3effacb9c73, currentDir=C:\Users\vmunoz2\IdeaProjects\simpleTestAutomation\gradle}
2026-07-17T10:35:54.552-0400 [INFO] [org.gradle.launcher.daemon.server.DefaultIncomingConnectionHandler] Received command: Build{id=39921e71-1013-4966-822b-d3effacb9c73, currentDir=C:\Users\vmunoz2\IdeaProjects\simpleTestAutomation\gradle}.
2026-07-17T10:35:54.553-0400 [DEBUG] [org.gradle.launcher.daemon.server.DefaultIncomingConnectionHandler] Starting executing command: Build{id=39921e71-1013-4966-822b-d3effacb9c73, currentDir=C:\Users\vmunoz2\IdeaProjects\simpleTestAutomation\gradle} with connection: socket connection from /127.0.0.1:52852 to /127.0.0.1:52853.
2026-07-17T10:35:54.554-0400 [DEBUG] [org.gradle.launcher.daemon.server.DaemonStateCoordinator] Command execution: started DaemonCommandExecution[command = Build{id=39921e71-1013-4966-822b-d3effacb9c73, currentDir=C:\Users\vmunoz2\IdeaProjects\simpleTestAutomation\gradle}, connection = DefaultDaemonConnection: socket connection from /127.0.0.1:52852 to /127.0.0.1:52853] after 0.0 minutes of idle
2026-07-17T10:35:54.554-0400 [INFO] [org.gradle.launcher.daemon.server.DaemonRegistryUpdater] Marking the daemon as busy, address: [c7569731-aaec-4661-801a-8672de323602 port:52852, addresses:[localhost/127.0.0.1]]
2026-07-17T10:35:54.554-0400 [DEBUG] [org.gradle.launcher.daemon.registry.PersistentDaemonRegistry] Marking busy by address: [c7569731-aaec-4661-801a-8672de323602 port:52852, addresses:[localhost/127.0.0.1]]
2026-07-17T10:35:54.555-0400 [DEBUG] [org.gradle.cache.internal.DefaultFileLockManager] Waiting to acquire exclusive lock on daemon addresses registry.
2026-07-17T10:35:54.556-0400 [DEBUG] [org.gradle.cache.internal.DefaultFileLockManager] Lock acquired on daemon addresses registry.
2026-07-17T10:35:54.557-0400 [DEBUG] [org.gradle.cache.internal.DefaultFileLockManager] Releasing lock on daemon addresses registry.
2026-07-17T10:35:54.557-0400 [DEBUG] [org.gradle.launcher.daemon.server.DaemonStateCoordinator] resetting idle timer
2026-07-17T10:35:54.557-0400 [DEBUG] [org.gradle.launcher.daemon.server.DaemonStateCoordinator] daemon is running. Sleeping until state changes.
2026-07-17T10:35:54.558-0400 [INFO] [org.gradle.launcher.daemon.server.exec.StartBuildOrRespondWithBusy] Daemon is about to start building Build{id=39921e71-1013-4966-822b-d3effacb9c73, currentDir=C:\Users\vmunoz2\IdeaProjects\simpleTestAutomation\gradle}. Dispatching build started information...
2026-07-17T10:35:54.558-0400 [DEBUG] [org.gradle.launcher.daemon.server.SynchronizedDispatchConnection] thread 24: dispatching org.gradle.launcher.daemon.protocol.BuildStarted@51a2ff34
2026-07-17T10:35:54.559-0400 [DEBUG] [org.gradle.launcher.daemon.server.exec.EstablishBuildEnvironment] Configuring env variables: [EFC_1896_1262719628, USERDOMAIN_ROAMINGPROFILE, PROCESSOR_LEVEL, SESSIONNAME, ALLUSERSPROFILE, PROCESSOR_ARCHITECTURE, EFC_1896_4126798990, PSModulePath, SystemDrive, USERNAME, USERDNSDOMAIN, ProgramFiles(x86), FPS_BROWSER_USER_PROFILE_STRING, PATHEXT, EFC_1896_3789132940, DriverData, ProgramData, ProgramW6432, HOMEPATH, PROCESSOR_IDENTIFIER, ProgramFiles, PUBLIC, windir, =::, ZES_ENABLE_SYSMAN, OneDriveCommercial, LOCALAPPDATA, USERDOMAIN, LOGONSERVER, FPS_BROWSER_APP_PROFILE_STRING, OneDrive, APPDATA, CommonProgramFiles, Path, EFC_1896_1592913036, OS, COMPUTERNAME, PROCESSOR_REVISION, CommonProgramW6432, ComSpec, UATDATA, EFC_1896_2775293581, TEMP, EFC_1896_2283032206, SystemRoot, HOMEDRIVE, USERPROFILE, TMP, CommonProgramFiles(x86), NUMBER_OF_PROCESSORS]
2026-07-17T10:35:54.564-0400 [DEBUG] [org.gradle.launcher.daemon.server.exec.LogToClient] About to start relaying all logs to the client via the connection.
2026-07-17T10:35:54.564-0400 [INFO] [org.gradle.launcher.daemon.server.exec.LogToClient] The client will now receive all logging from the daemon (pid: 20096). The daemon log file: C:\Users\vmunoz2\IdeaProjects\simpleTestAutomation\gradle\daemon\8.5\daemon-20096.out.log
2026-07-17T10:35:54.574-0400 [INFO] [org.gradle.launcher.daemon.server.exec.LogAndCheckHealth] Starting build in new daemon [memory: 512 MiB]
2026-07-17T10:35:54.576-0400 [DEBUG] [org.gradle.launcher.daemon.server.exec.ExecuteBuild] The daemon has started executing the build.
2026-07-17T10:35:54.576-0400 [DEBUG] [org.gradle.launcher.daemon.server.exec.ExecuteBuild] Executing build with daemon context: DefaultDaemonContext[uid=27d272ab-e076-4ba5-aafa-04fc7fae4cc3,javaHome=C:\Users\vmunoz2\.jdks\ms-17.0.19,daemonRegistryDir=C:\Users\vmunoz2\IdeaProjects\simpleTestAutomation\gradle\daemon,pid=20096,idleTimeout=10800000,priority=NORMAL,applyInstrumentationAgent=true,daemonOpts=--add-opens=java.base/java.util=ALL-UNNAMED,--add-opens=java.base/java.lang=ALL-UNNAMED,--add-opens=java.base/java.lang.invoke=ALL-UNNAMED,--add-opens=java.prefs/java.util.prefs=ALL-UNNAMED,--add-opens=java.base/java.nio.charset=ALL-UNNAMED,--add-opens=java.base/java.net=ALL-UNNAMED,--add-opens=java.base/java.util.concurrent.atomic=ALL-UNNAMED,-XX:MaxMetaspaceSize=384m,-XX:+HeapDumpOnOutOfMemoryError,-Xms256m,-Xmx512m,-Dfile.encoding=UTF-8,-Duser.country=CL,-Duser.language=es,-Duser.variant]

Welcome to Gradle 8.5.

Directory 'C:\Users\vmunoz2\IdeaProjects\simpleTestAutomation\gradle' does not contain a Gradle build.

To create a new build in this directory, run gradle init

For more detail on the 'init' task, see https://docs.gradle.org/8.5/userguide/build_init_plugin.html

For more detail on creating a Gradle build, see https://docs.gradle.org/8.5/userguide/tutorial_using_tasks.html

To see a list of command-line options, run gradle --help

For more detail on using Gradle, see https://docs.gradle.org/8.5/userguide/command_line_interface.html

For troubleshooting, visit https://help.gradle.org

BUILD SUCCESSFUL in 6s
1 actionable task: 1 executed
2026-07-17T10:35:59.363-0400 [DEBUG] [org.gradle.launcher.daemon.server.exec.ExecuteBuild] The daemon has finished executing the build.
2026-07-17T10:35:59.380-0400 [DEBUG] [org.gradle.launcher.daemon.server.DaemonStateCoordinator] daemon is running. Sleeping until state changes.
2026-07-17T10:35:59.380-0400 [DEBUG] [org.gradle.launcher.daemon.server.DaemonStateCoordinator] Command execution: finished waiting for DaemonCommandExecution[command = Build{id=39921e71-1013-4966-822b-d3effacb9c73, currentDir=C:\Users\vmunoz2\IdeaProjects\simpleTestAutomation\gradle}, connection = DefaultDaemonConnection: socket connection from /127.0.0.1:52852 to /127.0.0.1:52853]. Result org.gradle.launcher.daemon.server.DaemonStateCoordinator@2f9c7f6b with state Busy
2026-07-17T10:35:59.380-0400 [DEBUG] [org.gradle.launcher.daemon.server.DaemonStateCoordinator] Command execution: completed DaemonCommandExecution[command = Build{id=39921e71-1013-4966-822b-d3effacb9c73, currentDir=C:\Users\vmunoz2\IdeaProjects\simpleTestAutomation\gradle}, connection = DefaultDaemonConnection: socket connection from /127.0.0.1:52852 to /127.0.0.1:52853]
2026-07-17T10:35:59.380-0400 [DEBUG] [org.gradle.launcher.daemon.server.DaemonStateCoordinator] resetting idle timer
2026-07-17T10:35:59.380-0400 [INFO] [org.gradle.launcher.daemon.server.DaemonRegistryUpdater] Marking the daemon as idle, address: [c7569731-aaec-4661-801a-8672de323602 port:52852, addresses:[localhost/127.0.0.1]]
2026-07-17T10:35:59.380-0400 [DEBUG] [org.gradle.launcher.daemon.registry.PersistentDaemonRegistry] Marking busy by address: [c7569731-aaec-4661-801a-8672de323602 port:52852, addresses:[localhost/127.0.0.1]]
2026-07-17T10:35:59.393-0400 [DEBUG] [org.gradle.cache.internal.DefaultFileLockManager] Waiting to acquire exclusive lock on daemon addresses registry.
2026-07-17T10:35:59.394-0400 [DEBUG] [org.gradle.cache.internal.DefaultFileLockManager] Lock acquired on daemon addresses registry.
2026-07-17T10:35:59.397-0400 [DEBUG] [org.gradle.cache.internal.DefaultFileLockManager] Releasing lock on daemon addresses registry.
2026-07-17T10:35:59.397-0400 [DEBUG] [org.gradle.launcher.daemon.server.DaemonStateCoordinator] daemon is running. Sleeping until state changes.
2026-07-17T10:35:59.398-0400 [DEBUG] [org.gradle.launcher.daemon.server.exec.ReturnResult] Daemon is dispatching the build result: Success[value=org.gradle.launcher.exec.BuildActionResult@318c495b]
2026-07-17T10:35:59.398-0400 [DEBUG] [org.gradle.launcher.daemon.server.SynchronizedDispatchConnection] thread 21: dispatching Success[value=org.gradle.launcher.exec.BuildActionResult@318c495b]
2026-07-17T10:35:59.398-0400 [DEBUG] [org.gradle.launcher.daemon.server.DefaultIncomingConnectionHandler] Finishing executing command: Build{id=39921e71-1013-4966-822b-d3effacb9c73, currentDir=C:\Users\vmunoz2\IdeaProjects\simpleTestAutomation\gradle}
2026-07-17T10:35:59.400-0400 [DEBUG] [org.gradle.launcher.daemon.server.SynchronizedDispatchConnection] thread 22: received class org.gradle.launcher.daemon.protocol.CloseInput
2026-07-17T10:35:59.400-0400 [DEBUG] [org.gradle.launcher.daemon.server.DefaultDaemonConnection] thread 22: Received IO message from client: org.gradle.launcher.daemon.protocol.CloseInput@6d7ac6f0
2026-07-17T10:35:59.400-0400 [DEBUG] [org.gradle.launcher.daemon.server.SynchronizedDispatchConnection] thread 22: received class org.gradle.launcher.daemon.protocol.Finished
2026-07-17T10:35:59.400-0400 [DEBUG] [org.gradle.launcher.daemon.server.DefaultDaemonConnection] thread 22: Received non-IO message from client: org.gradle.launcher.daemon.protocol.Finished@b3fb63a
2026-07-17T10:35:59.401-0400 [DEBUG] [org.gradle.launcher.daemon.server.DefaultIncomingConnectionHandler] Received finished message: org.gradle.launcher.daemon.protocol.Finished@b3fb63a
2026-07-17T10:35:59.401-0400 [DEBUG] [org.gradle.launcher.daemon.server.SynchronizedDispatchConnection] thread 21: stopping connection
2026-07-17T10:35:59.401-0400 [DEBUG] [org.gradle.internal.remote.internal.inet.SocketConnection] Discarding EOFException: java.io.EOFException
2026-07-17T10:35:59.401-0400 [DEBUG] [org.gradle.launcher.daemon.server.SynchronizedDispatchConnection] thread 22: received null
2026-07-17T10:35:59.402-0400 [DEBUG] [org.gradle.launcher.daemon.server.DefaultDaemonConnection] thread 22: Received end-of-input from client.
2026-07-17T10:35:59.403-0400 [DEBUG] [org.gradle.launcher.daemon.server.SynchronizedDispatchConnection] thread 21: stopping connection
2026-07-17T10:36:04.497-0400 [DEBUG] [org.gradle.cache.internal.DefaultFileLockManager] Waiting to acquire shared lock on daemon addresses registry.
2026-07-17T10:36:04.497-0400 [DEBUG] [org.gradle.cache.internal.DefaultFileLockManager] Lock acquired on daemon addresses registry.
2026-07-17T10:36:04.521-0400 [DEBUG] [org.gradle.cache.internal.DefaultFileLockManager] Releasing lock on daemon addresses registry.
2026-07-17T10:36:04.523-0400 [DEBUG] [org.gradle.cache.internal.DefaultFileLockManager] Waiting to acquire shared lock on daemon addresses registry.
2026-07-17T10:36:04.524-0400 [DEBUG] [org.gradle.cache.internal.DefaultFileLockManager] Lock acquired on daemon addresses registry.
2026-07-17T10:36:04.524-0400 [DEBUG] [org.gradle.cache.internal.DefaultFileLockManager] Releasing lock on daemon addresses registry.
2026-07-17T10:36:14.490-0400 [DEBUG] [org.gradle.cache.internal.DefaultFileLockManager] Waiting to acquire shared lock on daemon addresses registry.
2026-07-17T10:36:14.491-0400 [DEBUG] [org.gradle.cache.internal.DefaultFileLockManager] Lock acquired on daemon addresses registry.
2026-07-17T10:36:14.491-0400 [DEBUG] [org.gradle.cache.internal.DefaultFileLockManager] Releasing lock on daemon addresses registry.
2026-07-17T10:36:14.493-0400 [DEBUG] [org.gradle.cache.internal.DefaultFileLockManager] Waiting to acquire shared lock on daemon addresses registry.
2026-07-17T10:36:14.493-0400 [DEBUG] [org.gradle.cache.internal.DefaultFileLockManager] Lock acquired on daemon addresses registry.
2026-07-17T10:36:14.494-0400 [DEBUG] [org.gradle.cache.internal.DefaultFileLockManager] Releasing lock on daemon addresses registry.
2026-07-17T10:36:14.495-0400 [DEBUG] [org.gradle.cache.internal.DefaultFileLockManager] Waiting to acquire shared lock on daemon addresses registry.
2026-07-17T10:36:14.495-0400 [DEBUG] [org.gradle.cache.internal.DefaultFileLockManager] Lock acquired on daemon addresses registry.
2026-07-17T10:36:14.496-0400 [DEBUG] [org.gradle.cache.internal.DefaultFileLockManager] Releasing lock on daemon addresses registry.
2026-07-17T10:36:24.489-0400 [DEBUG] [org.gradle.cache.internal.DefaultFileLockManager] Waiting to acquire shared lock on daemon addresses registry.
2026-07-17T10:36:24.489-0400 [DEBUG] [org.gradle.cache.internal.DefaultFileLockManager] Lock acquired on daemon addresses registry.
2026-07-17T10:36:24.490-0400 [DEBUG] [org.gradle.cache.internal.DefaultFileLockManager] Releasing lock on daemon addresses registry.
2026-07-17T10:36:24.491-0400 [DEBUG] [org.gradle.cache.internal.DefaultFileLockManager] Waiting to acquire shared lock on daemon addresses registry.
2026-07-17T10:36:24.491-0400 [DEBUG] [org.gradle.cache.internal.DefaultFileLockManager] Lock acquired on daemon addresses registry.
2026-07-17T10:36:24.491-0400 [DEBUG] [org.gradle.cache.internal.DefaultFileLockManager] Releasing lock on daemon addresses registry.
2026-07-17T10:36:24.492-0400 [DEBUG] [org.gradle.cache.internal.DefaultFileLockManager] Waiting to acquire shared lock on daemon addresses registry.
2026-07-17T10:36:24.493-0400 [DEBUG] [org.gradle.cache.internal.DefaultFileLockManager] Lock acquired on daemon addresses registry.
2026-07-17T10:36:24.493-0400 [DEBUG] [org.gradle.cache.internal.DefaultFileLockManager] Releasing lock on daemon addresses registry.
2026-07-17T10:36:34.489-0400 [DEBUG] [org.gradle.cache.internal.DefaultFileLockManager] Waiting to acquire shared lock on daemon addresses registry.
2026-07-17T10:36:34.490-0400 [DEBUG] [org.gradle.cache.internal.DefaultFileLockManager] Lock acquired on daemon addresses registry.
2026-07-17T10:36:34.490-0400 [DEBUG] [org.gradle.cache.internal.DefaultFileLockManager] Releasing lock on daemon addresses registry.
2026-07-17T10:36:34.492-0400 [DEBUG] [org.gradle.cache.internal.DefaultFileLockManager] Waiting to acquire shared lock on daemon addresses registry.
2026-07-17T10:36:34.492-0400 [DEBUG] [org.gradle.cache.internal.DefaultFileLockManager] Lock acquired on daemon addresses registry.
2026-07-17T10:36:34.492-0400 [DEBUG] [org.gradle.cache.internal.DefaultFileLockManager] Releasing lock on daemon addresses registry.
2026-07-17T10:36:34.493-0400 [DEBUG] [org.gradle.cache.internal.DefaultFileLockManager] Waiting to acquire shared lock on daemon addresses registry.
2026-07-17T10:36:34.493-0400 [DEBUG] [org.gradle.cache.internal.DefaultFileLockManager] Lock acquired on daemon addresses registry.
2026-07-17T10:36:34.493-0400 [DEBUG] [org.gradle.cache.internal.DefaultFileLockManager] Releasing lock on daemon addresses registry.
2026-07-17T10:36:44.488-0400 [DEBUG] [org.gradle.cache.internal.DefaultFileLockManager] Waiting to acquire shared lock on daemon addresses registry.
2026-07-17T10:36:44.489-0400 [DEBUG] [org.gradle.cache.internal.DefaultFileLockManager] Lock acquired on daemon addresses registry.
2026-07-17T10:36:44.489-0400 [DEBUG] [org.gradle.cache.internal.DefaultFileLockManager] Releasing lock on daemon addresses registry.
2026-07-17T10:36:44.491-0400 [DEBUG] [org.gradle.cache.internal.DefaultFileLockManager] Waiting to acquire shared lock on daemon addresses registry.
2026-07-17T10:36:44.491-0400 [DEBUG] [org.gradle.cache.internal.DefaultFileLockManager] Lock acquired on daemon addresses registry.
2026-07-17T10:36:44.491-0400 [DEBUG] [org.gradle.cache.internal.DefaultFileLockManager] Releasing lock on daemon addresses registry.
2026-07-17T10:36:44.492-0400 [DEBUG] [org.gradle.cache.internal.DefaultFileLockManager] Waiting to acquire shared lock on daemon addresses registry.
2026-07-17T10:36:44.492-0400 [DEBUG] [org.gradle.cache.internal.DefaultFileLockManager] Lock acquired on daemon addresses registry.
2026-07-17T10:36:44.493-0400 [DEBUG] [org.gradle.cache.internal.DefaultFileLockManager] Releasing lock on daemon addresses registry.
2026-07-17T10:36:54.487-0400 [DEBUG] [org.gradle.cache.internal.DefaultFileLockManager] Waiting to acquire shared lock on daemon addresses registry.
2026-07-17T10:36:54.487-0400 [DEBUG] [org.gradle.cache.internal.DefaultFileLockManager] Lock acquired on daemon addresses registry.
2026-07-17T10:36:54.488-0400 [DEBUG] [org.gradle.cache.internal.DefaultFileLockManager] Releasing lock on daemon addresses registry.
2026-07-17T10:36:54.492-0400 [DEBUG] [org.gradle.cache.internal.DefaultFileLockManager] Waiting to acquire shared lock on daemon addresses registry.
2026-07-17T10:36:54.492-0400 [DEBUG] [org.gradle.cache.internal.DefaultFileLockManager] Lock acquired on daemon addresses registry.
2026-07-17T10:36:54.493-0400 [DEBUG] [org.gradle.cache.internal.DefaultFileLockManager] Releasing lock on daemon addresses registry.
2026-07-17T10:36:54.494-0400 [DEBUG] [org.gradle.cache.internal.DefaultFileLockManager] Waiting to acquire shared lock on daemon addresses registry.
2026-07-17T10:36:54.494-0400 [DEBUG] [org.gradle.cache.internal.DefaultFileLockManager] Lock acquired on daemon addresses registry.
2026-07-17T10:36:54.495-0400 [DEBUG] [org.gradle.cache.internal.DefaultFileLockManager] Releasing lock on daemon addresses registry.
2026-07-17T10:37:04.491-0400 [DEBUG] [org.gradle.cache.internal.DefaultFileLockManager] Waiting to acquire shared lock on daemon addresses registry.
2026-07-17T10:37:04.492-0400 [DEBUG] [org.gradle.cache.internal.DefaultFileLockManager] Lock acquired on daemon addresses registry.
2026-07-17T10:37:04.493-0400 [DEBUG] [org.gradle.cache.internal.DefaultFileLockManager] Releasing lock on daemon addresses registry.
2026-07-17T10:37:04.495-0400 [DEBUG] [org.gradle.cache.internal.DefaultFileLockManager] Waiting to acquire shared lock on daemon addresses registry.
2026-07-17T10:37:04.496-0400 [DEBUG] [org.gradle.cache.internal.DefaultFileLockManager] Lock acquired on daemon addresses registry.
2026-07-17T10:37:04.497-0400 [DEBUG] [org.gradle.cache.internal.DefaultFileLockManager] Releasing lock on daemon addresses registry.
2026-07-17T10:37:04.500-0400 [DEBUG] [org.gradle.cache.internal.DefaultFileLockManager] Waiting to acquire shared lock on daemon addresses registry.
2026-07-17T10:37:04.501-0400 [DEBUG] [org.gradle.cache.internal.DefaultFileLockManager] Lock acquired on daemon addresses registry.
2026-07-17T10:37:04.502-0400 [DEBUG] [org.gradle.cache.internal.DefaultFileLockManager] Releasing lock on daemon addresses registry.
2026-07-17T10:37:14.488-0400 [DEBUG] [org.gradle.cache.internal.DefaultFileLockManager] Waiting to acquire shared lock on daemon addresses registry.
2026-07-17T10:37:14.489-0400 [DEBUG] [org.gradle.cache.internal.DefaultFileLockManager] Lock acquired on daemon addresses registry.
2026-07-17T10:37:14.489-0400 [DEBUG] [org.gradle.cache.internal.DefaultFileLockManager] Releasing lock on daemon addresses registry.
2026-07-17T10:37:14.491-0400 [DEBUG] [org.gradle.cache.internal.DefaultFileLockManager] Waiting to acquire shared lock on daemon addresses registry.
2026-07-17T10:37:14.491-0400 [DEBUG] [org.gradle.cache.internal.DefaultFileLockManager] Lock acquired on daemon addresses registry.
2026-07-17T10:37:14.491-0400 [DEBUG] [org.gradle.cache.internal.DefaultFileLockManager] Releasing lock on daemon addresses registry.
2026-07-17T10:37:14.494-0400 [DEBUG] [org.gradle.cache.internal.DefaultFileLockManager] Waiting to acquire shared lock on daemon addresses registry.
2026-07-17T10:37:14.494-0400 [DEBUG] [org.gradle.cache.internal.DefaultFileLockManager] Lock acquired on daemon addresses registry.
2026-07-17T10:37:14.495-0400 [DEBUG] [org.gradle.cache.internal.DefaultFileLockManager] Releasing lock on daemon addresses registry.
2026-07-17T10:37:24.490-0400 [DEBUG] [org.gradle.cache.internal.DefaultFileLockManager] Waiting to acquire shared lock on daemon addresses registry.
2026-07-17T10:37:24.490-0400 [DEBUG] [org.gradle.cache.internal.DefaultFileLockManager] Lock acquired on daemon addresses registry.
2026-07-17T10:37:24.491-0400 [DEBUG] [org.gradle.cache.internal.DefaultFileLockManager] Releasing lock on daemon addresses registry.
2026-07-17T10:37:24.494-0400 [DEBUG] [org.gradle.cache.internal.DefaultFileLockManager] Waiting to acquire shared lock on daemon addresses registry.
2026-07-17T10:37:24.495-0400 [DEBUG] [org.gradle.cache.internal.DefaultFileLockManager] Lock acquired on daemon addresses registry.
2026-07-17T10:37:24.495-0400 [DEBUG] [org.gradle.cache.internal.DefaultFileLockManager] Releasing lock on daemon addresses registry.
2026-07-17T10:37:24.498-0400 [DEBUG] [org.gradle.cache.internal.DefaultFileLockManager] Waiting to acquire shared lock on daemon addresses registry.
2026-07-17T10:37:24.498-0400 [DEBUG] [org.gradle.cache.internal.DefaultFileLockManager] Lock acquired on daemon addresses registry.
2026-07-17T10:37:24.499-0400 [DEBUG] [org.gradle.cache.internal.DefaultFileLockManager] Releasing lock on daemon addresses registry.
2026-07-17T10:37:34.499-0400 [DEBUG] [org.gradle.cache.internal.DefaultFileLockManager] Waiting to acquire shared lock on daemon addresses registry.
2026-07-17T10:37:34.499-0400 [DEBUG] [org.gradle.cache.internal.DefaultFileLockManager] Lock acquired on daemon addresses registry.
2026-07-17T10:37:34.514-0400 [DEBUG] [org.gradle.cache.internal.DefaultFileLockManager] Releasing lock on daemon addresses registry.
2026-07-17T10:37:34.515-0400 [DEBUG] [org.gradle.cache.internal.DefaultFileLockManager] Waiting to acquire shared lock on daemon addresses registry.
2026-07-17T10:37:34.515-0400 [DEBUG] [org.gradle.cache.internal.DefaultFileLockManager] Lock acquired on daemon addresses registry.
2026-07-17T10:37:34.515-0400 [DEBUG] [org.gradle.cache.internal.DefaultFileLockManager] Releasing lock on daemon addresses registry.
2026-07-17T10:37:34.516-0400 [DEBUG] [org.gradle.cache.internal.DefaultFileLockManager] Waiting to acquire shared lock on daemon addresses registry.
2026-07-17T10:37:34.516-0400 [DEBUG] [org.gradle.cache.internal.DefaultFileLockManager] Lock acquired on daemon addresses registry.
2026-07-17T10:37:34.517-0400 [DEBUG] [org.gradle.cache.internal.DefaultFileLockManager] Releasing lock on daemon addresses registry.
2026-07-17T10:37:44.488-0400 [DEBUG] [org.gradle.cache.internal.DefaultFileLockManager] Waiting to acquire shared lock on daemon addresses registry.
2026-07-17T10:37:44.488-0400 [DEBUG] [org.gradle.cache.internal.DefaultFileLockManager] Lock acquired on daemon addresses registry.
2026-07-17T10:37:44.488-0400 [DEBUG] [org.gradle.cache.internal.DefaultFileLockManager] Releasing lock on daemon addresses registry.
2026-07-17T10:37:44.489-0400 [DEBUG] [org.gradle.cache.internal.DefaultFileLockManager] Waiting to acquire shared lock on daemon addresses registry.
2026-07-17T10:37:44.489-0400 [DEBUG] [org.gradle.cache.internal.DefaultFileLockManager] Lock acquired on daemon addresses registry.
2026-07-17T10:37:44.489-0400 [DEBUG] [org.gradle.cache.internal.DefaultFileLockManager] Releasing lock on daemon addresses registry.
2026-07-17T10:37:44.490-0400 [DEBUG] [org.gradle.cache.internal.DefaultFileLockManager] Waiting to acquire shared lock on daemon addresses registry.
2026-07-17T10:37:44.490-0400 [DEBUG] [org.gradle.cache.internal.DefaultFileLockManager] Lock acquired on daemon addresses registry.
2026-07-17T10:37:44.490-0400 [DEBUG] [org.gradle.cache.internal.DefaultFileLockManager] Releasing lock on daemon addresses registry.
2026-07-17T10:37:54.478-0400 [DEBUG] [org.gradle.cache.internal.DefaultFileLockManager] Waiting to acquire shared lock on daemon addresses registry.
2026-07-17T10:37:54.479-0400 [DEBUG] [org.gradle.cache.internal.DefaultFileLockManager] Lock acquired on daemon addresses registry.
2026-07-17T10:37:54.479-0400 [DEBUG] [org.gradle.cache.internal.DefaultFileLockManager] Releasing lock on daemon addresses registry.
2026-07-17T10:37:54.482-0400 [DEBUG] [org.gradle.cache.internal.DefaultFileLockManager] Waiting to acquire shared lock on daemon addresses registry.
2026-07-17T10:37:54.483-0400 [DEBUG] [org.gradle.cache.internal.DefaultFileLockManager] Lock acquired on daemon addresses registry.
2026-07-17T10:37:54.484-0400 [DEBUG] [org.gradle.cache.internal.DefaultFileLockManager] Releasing lock on daemon addresses registry.
2026-07-17T10:37:54.485-0400 [DEBUG] [org.gradle.cache.internal.DefaultFileLockManager] Waiting to acquire shared lock on daemon addresses registry.
2026-07-17T10:37:54.486-0400 [DEBUG] [org.gradle.cache.internal.DefaultFileLockManager] Lock acquired on daemon addresses registry.
2026-07-17T10:37:54.486-0400 [DEBUG] [org.gradle.cache.internal.DefaultFileLockManager] Releasing lock on daemon addresses registry.
2026-07-17T10:38:04.481-0400 [DEBUG] [org.gradle.cache.internal.DefaultFileLockManager] Waiting to acquire shared lock on daemon addresses registry.
2026-07-17T10:38:04.482-0400 [DEBUG] [org.gradle.cache.internal.DefaultFileLockManager] Lock acquired on daemon addresses registry.
2026-07-17T10:38:04.482-0400 [DEBUG] [org.gradle.cache.internal.DefaultFileLockManager] Releasing lock on daemon addresses registry.
2026-07-17T10:38:04.484-0400 [DEBUG] [org.gradle.cache.internal.DefaultFileLockManager] Waiting to acquire shared lock on daemon addresses registry.
2026-07-17T10:38:04.485-0400 [DEBUG] [org.gradle.cache.internal.DefaultFileLockManager] Lock acquired on daemon addresses registry.
2026-07-17T10:38:04.485-0400 [DEBUG] [org.gradle.cache.internal.DefaultFileLockManager] Releasing lock on daemon addresses registry.
2026-07-17T10:38:04.487-0400 [DEBUG] [org.gradle.cache.internal.DefaultFileLockManager] Waiting to acquire shared lock on daemon addresses registry.
2026-07-17T10:38:04.487-0400 [DEBUG] [org.gradle.cache.internal.DefaultFileLockManager] Lock acquired on daemon addresses registry.
2026-07-17T10:38:04.488-0400 [DEBUG] [org.gradle.cache.internal.DefaultFileLockManager] Releasing lock on daemon addresses registry.
2026-07-17T10:38:14.488-0400 [DEBUG] [org.gradle.cache.internal.DefaultFileLockManager] Waiting to acquire shared lock on daemon addresses registry.
2026-07-17T10:38:14.489-0400 [DEBUG] [org.gradle.cache.internal.DefaultFileLockManager] Lock acquired on daemon addresses registry.
2026-07-17T10:38:14.489-0400 [DEBUG] [org.gradle.cache.internal.DefaultFileLockManager] Releasing lock on daemon addresses registry.
2026-07-17T10:38:14.490-0400 [DEBUG] [org.gradle.cache.internal.DefaultFileLockManager] Waiting to acquire shared lock on daemon addresses registry.
2026-07-17T10:38:14.490-0400 [DEBUG] [org.gradle.cache.internal.DefaultFileLockManager] Lock acquired on daemon addresses registry.
2026-07-17T10:38:14.490-0400 [DEBUG] [org.gradle.cache.internal.DefaultFileLockManager] Releasing lock on daemon addresses registry.
2026-07-17T10:38:14.491-0400 [DEBUG] [org.gradle.cache.internal.DefaultFileLockManager] Waiting to acquire shared lock on daemon addresses registry.
2026-07-17T10:38:14.491-0400 [DEBUG] [org.gradle.cache.internal.DefaultFileLockManager] Lock acquired on daemon addresses registry.
2026-07-17T10:38:14.492-0400 [DEBUG] [org.gradle.cache.internal.DefaultFileLockManager] Releasing lock on daemon addresses registry.
2026-07-17T10:38:24.486-0400 [DEBUG] [org.gradle.cache.internal.DefaultFileLockManager] Waiting to acquire shared lock on daemon addresses registry.
2026-07-17T10:38:24.487-0400 [DEBUG] [org.gradle.cache.internal.DefaultFileLockManager] Lock acquired on daemon addresses registry.
2026-07-17T10:38:24.487-0400 [DEBUG] [org.gradle.cache.internal.DefaultFileLockManager] Releasing lock on daemon addresses registry.
2026-07-17T10:38:24.488-0400 [DEBUG] [org.gradle.cache.internal.DefaultFileLockManager] Waiting to acquire shared lock on daemon addresses registry.
2026-07-17T10:38:24.488-0400 [DEBUG] [org.gradle.cache.internal.DefaultFileLockManager] Lock acquired on daemon addresses registry.
2026-07-17T10:38:24.488-0400 [DEBUG] [org.gradle.cache.internal.DefaultFileLockManager] Releasing lock on daemon addresses registry.
2026-07-17T10:38:24.489-0400 [DEBUG] [org.gradle.cache.internal.DefaultFileLockManager] Waiting to acquire shared lock on daemon addresses registry.
2026-07-17T10:38:24.489-0400 [DEBUG] [org.gradle.cache.internal.DefaultFileLockManager] Lock acquired on daemon addresses registry.
2026-07-17T10:38:24.490-0400 [DEBUG] [org.gradle.cache.internal.DefaultFileLockManager] Releasing lock on daemon addresses registry.
2026-07-17T10:38:34.481-0400 [DEBUG] [org.gradle.cache.internal.DefaultFileLockManager] Waiting to acquire shared lock on daemon addresses registry.
2026-07-17T10:38:34.482-0400 [DEBUG] [org.gradle.cache.internal.DefaultFileLockManager] Lock acquired on daemon addresses registry.
2026-07-17T10:38:34.483-0400 [DEBUG] [org.gradle.cache.internal.DefaultFileLockManager] Releasing lock on daemon addresses registry.
2026-07-17T10:38:34.485-0400 [DEBUG] [org.gradle.cache.internal.DefaultFileLockManager] Waiting to acquire shared lock on daemon addresses registry.
2026-07-17T10:38:34.485-0400 [DEBUG] [org.gradle.cache.internal.DefaultFileLockManager] Lock acquired on daemon addresses registry.
2026-07-17T10:38:34.486-0400 [DEBUG] [org.gradle.cache.internal.DefaultFileLockManager] Releasing lock on daemon addresses registry.
2026-07-17T10:38:34.487-0400 [DEBUG] [org.gradle.cache.internal.DefaultFileLockManager] Waiting to acquire shared lock on daemon addresses registry.
2026-07-17T10:38:34.487-0400 [DEBUG] [org.gradle.cache.internal.DefaultFileLockManager] Lock acquired on daemon addresses registry.
2026-07-17T10:38:34.488-0400 [DEBUG] [org.gradle.cache.internal.DefaultFileLockManager] Releasing lock on daemon addresses registry.
2026-07-17T10:38:44.479-0400 [DEBUG] [org.gradle.cache.internal.DefaultFileLockManager] Waiting to acquire shared lock on daemon addresses registry.
2026-07-17T10:38:44.479-0400 [DEBUG] [org.gradle.cache.internal.DefaultFileLockManager] Lock acquired on daemon addresses registry.
2026-07-17T10:38:44.479-0400 [DEBUG] [org.gradle.cache.internal.DefaultFileLockManager] Releasing lock on daemon addresses registry.
2026-07-17T10:38:44.482-0400 [DEBUG] [org.gradle.cache.internal.DefaultFileLockManager] Waiting to acquire shared lock on daemon addresses registry.
2026-07-17T10:38:44.482-0400 [DEBUG] [org.gradle.cache.internal.DefaultFileLockManager] Lock acquired on daemon addresses registry.
2026-07-17T10:38:44.482-0400 [DEBUG] [org.gradle.cache.internal.DefaultFileLockManager] Releasing lock on daemon addresses registry.
2026-07-17T10:38:44.483-0400 [DEBUG] [org.gradle.cache.internal.DefaultFileLockManager] Waiting to acquire shared lock on daemon addresses registry.
2026-07-17T10:38:44.484-0400 [DEBUG] [org.gradle.cache.internal.DefaultFileLockManager] Lock acquired on daemon addresses registry.
2026-07-17T10:38:44.484-0400 [DEBUG] [org.gradle.cache.internal.DefaultFileLockManager] Releasing lock on daemon addresses registry.
2026-07-17T10:38:54.481-0400 [DEBUG] [org.gradle.cache.internal.DefaultFileLockManager] Waiting to acquire shared lock on daemon addresses registry.
2026-07-17T10:38:54.481-0400 [DEBUG] [org.gradle.cache.internal.DefaultFileLockManager] Lock acquired on daemon addresses registry.
2026-07-17T10:38:54.482-0400 [DEBUG] [org.gradle.cache.internal.DefaultFileLockManager] Releasing lock on daemon addresses registry.
2026-07-17T10:38:54.485-0400 [DEBUG] [org.gradle.cache.internal.DefaultFileLockManager] Waiting to acquire shared lock on daemon addresses registry.
2026-07-17T10:38:54.485-0400 [DEBUG] [org.gradle.cache.internal.DefaultFileLockManager] Lock acquired on daemon addresses registry.
2026-07-17T10:38:54.486-0400 [DEBUG] [org.gradle.cache.internal.DefaultFileLockManager] Releasing lock on daemon addresses registry.
2026-07-17T10:38:54.489-0400 [DEBUG] [org.gradle.cache.internal.DefaultFileLockManager] Waiting to acquire shared lock on daemon addresses registry.
2026-07-17T10:38:54.490-0400 [DEBUG] [org.gradle.cache.internal.DefaultFileLockManager] Lock acquired on daemon addresses registry.
2026-07-17T10:38:54.490-0400 [DEBUG] [org.gradle.cache.internal.DefaultFileLockManager] Releasing lock on daemon addresses registry.
2026-07-17T10:39:04.493-0400 [DEBUG] [org.gradle.cache.internal.DefaultFileLockManager] Waiting to acquire shared lock on daemon addresses registry.
2026-07-17T10:39:04.493-0400 [DEBUG] [org.gradle.cache.internal.DefaultFileLockManager] Lock acquired on daemon addresses registry.
2026-07-17T10:39:04.494-0400 [DEBUG] [org.gradle.cache.internal.DefaultFileLockManager] Releasing lock on daemon addresses registry.
2026-07-17T10:39:04.497-0400 [DEBUG] [org.gradle.cache.internal.DefaultFileLockManager] Waiting to acquire shared lock on daemon addresses registry.
2026-07-17T10:39:04.498-0400 [DEBUG] [org.gradle.cache.internal.DefaultFileLockManager] Lock acquired on daemon addresses registry.
2026-07-17T10:39:04.498-0400 [DEBUG] [org.gradle.cache.internal.DefaultFileLockManager] Releasing lock on daemon addresses registry.
2026-07-17T10:39:04.501-0400 [DEBUG] [org.gradle.cache.internal.DefaultFileLockManager] Waiting to acquire shared lock on daemon addresses registry.
2026-07-17T10:39:04.502-0400 [DEBUG] [org.gradle.cache.internal.DefaultFileLockManager] Lock acquired on daemon addresses registry.
2026-07-17T10:39:04.502-0400 [DEBUG] [org.gradle.cache.internal.DefaultFileLockManager] Releasing lock on daemon addresses registry.
2026-07-17T10:39:14.482-0400 [DEBUG] [org.gradle.cache.internal.DefaultFileLockManager] Waiting to acquire shared lock on daemon addresses registry.
2026-07-17T10:39:14.482-0400 [DEBUG] [org.gradle.cache.internal.DefaultFileLockManager] Lock acquired on daemon addresses registry.
2026-07-17T10:39:14.483-0400 [DEBUG] [org.gradle.cache.internal.DefaultFileLockManager] Releasing lock on daemon addresses registry.
2026-07-17T10:39:14.485-0400 [DEBUG] [org.gradle.cache.internal.DefaultFileLockManager] Waiting to acquire shared lock on daemon addresses registry.
2026-07-17T10:39:14.485-0400 [DEBUG] [org.gradle.cache.internal.DefaultFileLockManager] Lock acquired on daemon addresses registry.
2026-07-17T10:39:14.486-0400 [DEBUG] [org.gradle.cache.internal.DefaultFileLockManager] Releasing lock on daemon addresses registry.
2026-07-17T10:39:14.486-0400 [DEBUG] [org.gradle.cache.internal.DefaultFileLockManager] Waiting to acquire shared lock on daemon addresses registry.
2026-07-17T10:39:14.486-0400 [DEBUG] [org.gradle.cache.internal.DefaultFileLockManager] Lock acquired on daemon addresses registry.
2026-07-17T10:39:14.487-0400 [DEBUG] [org.gradle.cache.internal.DefaultFileLockManager] Releasing lock on daemon addresses registry.
2026-07-17T10:39:24.483-0400 [DEBUG] [org.gradle.cache.internal.DefaultFileLockManager] Waiting to acquire shared lock on daemon addresses registry.
2026-07-17T10:39:24.483-0400 [DEBUG] [org.gradle.cache.internal.DefaultFileLockManager] Lock acquired on daemon addresses registry.
2026-07-17T10:39:24.484-0400 [DEBUG] [org.gradle.cache.internal.DefaultFileLockManager] Releasing lock on daemon addresses registry.
2026-07-17T10:39:24.488-0400 [DEBUG] [org.gradle.cache.internal.DefaultFileLockManager] Waiting to acquire shared lock on daemon addresses registry.
2026-07-17T10:39:24.488-0400 [DEBUG] [org.gradle.cache.internal.DefaultFileLockManager] Lock acquired on daemon addresses registry.
2026-07-17T10:39:24.489-0400 [DEBUG] [org.gradle.cache.internal.DefaultFileLockManager] Releasing lock on daemon addresses registry.
2026-07-17T10:39:24.492-0400 [DEBUG] [org.gradle.cache.internal.DefaultFileLockManager] Waiting to acquire shared lock on daemon addresses registry.
2026-07-17T10:39:24.492-0400 [DEBUG] [org.gradle.cache.internal.DefaultFileLockManager] Lock acquired on daemon addresses registry.
2026-07-17T10:39:24.493-0400 [DEBUG] [org.gradle.cache.internal.DefaultFileLockManager] Releasing lock on daemon addresses registry.
2026-07-17T10:39:34.490-0400 [DEBUG] [org.gradle.cache.internal.DefaultFileLockManager] Waiting to acquire shared lock on daemon addresses registry.
2026-07-17T10:39:34.490-0400 [DEBUG] [org.gradle.cache.internal.DefaultFileLockManager] Lock acquired on daemon addresses registry.
2026-07-17T10:39:34.491-0400 [DEBUG] [org.gradle.cache.internal.DefaultFileLockManager] Releasing lock on daemon addresses registry.
2026-07-17T10:39:34.494-0400 [DEBUG] [org.gradle.cache.internal.DefaultFileLockManager] Waiting to acquire shared lock on daemon addresses registry.
2026-07-17T10:39:34.494-0400 [DEBUG] [org.gradle.cache.internal.DefaultFileLockManager] Lock acquired on daemon addresses registry.
2026-07-17T10:39:34.495-0400 [DEBUG] [org.gradle.cache.internal.DefaultFileLockManager] Releasing lock on daemon addresses registry.
2026-07-17T10:39:34.497-0400 [DEBUG] [org.gradle.cache.internal.DefaultFileLockManager] Waiting to acquire shared lock on daemon addresses registry.
2026-07-17T10:39:34.498-0400 [DEBUG] [org.gradle.cache.internal.DefaultFileLockManager] Lock acquired on daemon addresses registry.
2026-07-17T10:39:34.498-0400 [DEBUG] [org.gradle.cache.internal.DefaultFileLockManager] Releasing lock on daemon addresses registry.
2026-07-17T10:39:44.483-0400 [DEBUG] [org.gradle.cache.internal.DefaultFileLockManager] Waiting to acquire shared lock on daemon addresses registry.
2026-07-17T10:39:44.483-0400 [DEBUG] [org.gradle.cache.internal.DefaultFileLockManager] Lock acquired on daemon addresses registry.
2026-07-17T10:39:44.484-0400 [DEBUG] [org.gradle.cache.internal.DefaultFileLockManager] Releasing lock on daemon addresses registry.
2026-07-17T10:39:44.488-0400 [DEBUG] [org.gradle.cache.internal.DefaultFileLockManager] Waiting to acquire shared lock on daemon addresses registry.
2026-07-17T10:39:44.488-0400 [DEBUG] [org.gradle.cache.internal.DefaultFileLockManager] Lock acquired on daemon addresses registry.
2026-07-17T10:39:44.489-0400 [DEBUG] [org.gradle.cache.internal.DefaultFileLockManager] Releasing lock on daemon addresses registry.
2026-07-17T10:39:44.491-0400 [DEBUG] [org.gradle.cache.internal.DefaultFileLockManager] Waiting to acquire shared lock on daemon addresses registry.
2026-07-17T10:39:44.491-0400 [DEBUG] [org.gradle.cache.internal.DefaultFileLockManager] Lock acquired on daemon addresses registry.
2026-07-17T10:39:44.491-0400 [DEBUG] [org.gradle.cache.internal.DefaultFileLockManager] Releasing lock on daemon addresses registry.
2026-07-17T10:39:54.484-0400 [DEBUG] [org.gradle.cache.internal.DefaultFileLockManager] Waiting to acquire shared lock on daemon addresses registry.
2026-07-17T10:39:54.485-0400 [DEBUG] [org.gradle.cache.internal.DefaultFileLockManager] Lock acquired on daemon addresses registry.
2026-07-17T10:39:54.486-0400 [DEBUG] [org.gradle.cache.internal.DefaultFileLockManager] Releasing lock on daemon addresses registry.
2026-07-17T10:39:54.489-0400 [DEBUG] [org.gradle.cache.internal.DefaultFileLockManager] Waiting to acquire shared lock on daemon addresses registry.
2026-07-17T10:39:54.489-0400 [DEBUG] [org.gradle.cache.internal.DefaultFileLockManager] Lock acquired on daemon addresses registry.
2026-07-17T10:39:54.490-0400 [DEBUG] [org.gradle.cache.internal.DefaultFileLockManager] Releasing lock on daemon addresses registry.
2026-07-17T10:39:54.492-0400 [DEBUG] [org.gradle.cache.internal.DefaultFileLockManager] Waiting to acquire shared lock on daemon addresses registry.
2026-07-17T10:39:54.492-0400 [DEBUG] [org.gradle.cache.internal.DefaultFileLockManager] Lock acquired on daemon addresses registry.
2026-07-17T10:39:54.493-0400 [DEBUG] [org.gradle.cache.internal.DefaultFileLockManager] Releasing lock on daemon addresses registry.
2026-07-17T10:40:04.490-0400 [DEBUG] [org.gradle.cache.internal.DefaultFileLockManager] Waiting to acquire shared lock on daemon addresses registry.
2026-07-17T10:40:04.490-0400 [DEBUG] [org.gradle.cache.internal.DefaultFileLockManager] Lock acquired on daemon addresses registry.
2026-07-17T10:40:04.492-0400 [DEBUG] [org.gradle.cache.internal.DefaultFileLockManager] Releasing lock on daemon addresses registry.
2026-07-17T10:40:04.495-0400 [DEBUG] [org.gradle.cache.internal.DefaultFileLockManager] Waiting to acquire shared lock on daemon addresses registry.
2026-07-17T10:40:04.496-0400 [DEBUG] [org.gradle.cache.internal.DefaultFileLockManager] Lock acquired on daemon addresses registry.
2026-07-17T10:40:04.497-0400 [DEBUG] [org.gradle.cache.internal.DefaultFileLockManager] Releasing lock on daemon addresses registry.
2026-07-17T10:40:04.500-0400 [DEBUG] [org.gradle.cache.internal.DefaultFileLockManager] Waiting to acquire shared lock on daemon addresses registry.
2026-07-17T10:40:04.500-0400 [DEBUG] [org.gradle.cache.internal.DefaultFileLockManager] Lock acquired on daemon addresses registry.
2026-07-17T10:40:04.501-0400 [DEBUG] [org.gradle.cache.internal.DefaultFileLockManager] Releasing lock on daemon addresses registry.
2026-07-17T10:40:14.483-0400 [DEBUG] [org.gradle.cache.internal.DefaultFileLockManager] Waiting to acquire shared lock on daemon addresses registry.
2026-07-17T10:40:14.483-0400 [DEBUG] [org.gradle.cache.internal.DefaultFileLockManager] Lock acquired on daemon addresses registry.
2026-07-17T10:40:14.483-0400 [DEBUG] [org.gradle.cache.internal.DefaultFileLockManager] Releasing lock on daemon addresses registry.
2026-07-17T10:40:14.484-0400 [DEBUG] [org.gradle.cache.internal.DefaultFileLockManager] Waiting to acquire shared lock on daemon addresses registry.
2026-07-17T10:40:14.484-0400 [DEBUG] [org.gradle.cache.internal.DefaultFileLockManager] Lock acquired on daemon addresses registry.
2026-07-17T10:40:14.485-0400 [DEBUG] [org.gradle.cache.internal.DefaultFileLockManager] Releasing lock on daemon addresses registry.
2026-07-17T10:40:14.486-0400 [DEBUG] [org.gradle.cache.internal.DefaultFileLockManager] Waiting to acquire shared lock on daemon addresses registry.
2026-07-17T10:40:14.486-0400 [DEBUG] [org.gradle.cache.internal.DefaultFileLockManager] Lock acquired on daemon addresses registry.
2026-07-17T10:40:14.487-0400 [DEBUG] [org.gradle.cache.internal.DefaultFileLockManager] Releasing lock on daemon addresses registry.
2026-07-17T10:40:24.485-0400 [DEBUG] [org.gradle.cache.internal.DefaultFileLockManager] Waiting to acquire shared lock on daemon addresses registry.
2026-07-17T10:40:24.485-0400 [DEBUG] [org.gradle.cache.internal.DefaultFileLockManager] Lock acquired on daemon addresses registry.
2026-07-17T10:40:24.486-0400 [DEBUG] [org.gradle.cache.internal.DefaultFileLockManager] Releasing lock on daemon addresses registry.
2026-07-17T10:40:24.487-0400 [DEBUG] [org.gradle.cache.internal.DefaultFileLockManager] Waiting to acquire shared lock on daemon addresses registry.
2026-07-17T10:40:24.488-0400 [DEBUG] [org.gradle.cache.internal.DefaultFileLockManager] Lock acquired on daemon addresses registry.
2026-07-17T10:40:24.488-0400 [DEBUG] [org.gradle.cache.internal.DefaultFileLockManager] Releasing lock on daemon addresses registry.
2026-07-17T10:40:24.490-0400 [DEBUG] [org.gradle.cache.internal.DefaultFileLockManager] Waiting to acquire shared lock on daemon addresses registry.
2026-07-17T10:40:24.490-0400 [DEBUG] [org.gradle.cache.internal.DefaultFileLockManager] Lock acquired on daemon addresses registry.
2026-07-17T10:40:24.490-0400 [DEBUG] [org.gradle.cache.internal.DefaultFileLockManager] Releasing lock on daemon addresses registry.
2026-07-17T10:40:34.492-0400 [DEBUG] [org.gradle.cache.internal.DefaultFileLockManager] Waiting to acquire shared lock on daemon addresses registry.
2026-07-17T10:40:34.492-0400 [DEBUG] [org.gradle.cache.internal.DefaultFileLockManager] Lock acquired on daemon addresses registry.
2026-07-17T10:40:34.493-0400 [DEBUG] [org.gradle.cache.internal.DefaultFileLockManager] Releasing lock on daemon addresses registry.
2026-07-17T10:40:34.494-0400 [DEBUG] [org.gradle.cache.internal.DefaultFileLockManager] Waiting to acquire shared lock on daemon addresses registry.
2026-07-17T10:40:34.494-0400 [DEBUG] [org.gradle.cache.internal.DefaultFileLockManager] Lock acquired on daemon addresses registry.
2026-07-17T10:40:34.495-0400 [DEBUG] [org.gradle.cache.internal.DefaultFileLockManager] Releasing lock on daemon addresses registry.
2026-07-17T10:40:34.495-0400 [DEBUG] [org.gradle.cache.internal.DefaultFileLockManager] Waiting to acquire shared lock on daemon addresses registry.
2026-07-17T10:40:34.495-0400 [DEBUG] [org.gradle.cache.internal.DefaultFileLockManager] Lock acquired on daemon addresses registry.
2026-07-17T10:40:34.496-0400 [DEBUG] [org.gradle.cache.internal.DefaultFileLockManager] Releasing lock on daemon addresses registry.
2026-07-17T10:40:44.479-0400 [DEBUG] [org.gradle.cache.internal.DefaultFileLockManager] Waiting to acquire shared lock on daemon addresses registry.
2026-07-17T10:40:44.479-0400 [DEBUG] [org.gradle.cache.internal.DefaultFileLockManager] Lock acquired on daemon addresses registry.
2026-07-17T10:40:44.480-0400 [DEBUG] [org.gradle.cache.internal.DefaultFileLockManager] Releasing lock on daemon addresses registry.
2026-07-17T10:40:44.481-0400 [DEBUG] [org.gradle.cache.internal.DefaultFileLockManager] Waiting to acquire shared lock on daemon addresses registry.
2026-07-17T10:40:44.481-0400 [DEBUG] [org.gradle.cache.internal.DefaultFileLockManager] Lock acquired on daemon addresses registry.
2026-07-17T10:40:44.481-0400 [DEBUG] [org.gradle.cache.internal.DefaultFileLockManager] Releasing lock on daemon addresses registry.
2026-07-17T10:40:44.482-0400 [DEBUG] [org.gradle.cache.internal.DefaultFileLockManager] Waiting to acquire shared lock on daemon addresses registry.
2026-07-17T10:40:44.482-0400 [DEBUG] [org.gradle.cache.internal.DefaultFileLockManager] Lock acquired on daemon addresses registry.
2026-07-17T10:40:44.483-0400 [DEBUG] [org.gradle.cache.internal.DefaultFileLockManager] Releasing lock on daemon addresses registry.
2026-07-17T10:40:54.485-0400 [DEBUG] [org.gradle.cache.internal.DefaultFileLockManager] Waiting to acquire shared lock on daemon addresses registry.
2026-07-17T10:40:54.485-0400 [DEBUG] [org.gradle.cache.internal.DefaultFileLockManager] Lock acquired on daemon addresses registry.
2026-07-17T10:40:54.485-0400 [DEBUG] [org.gradle.cache.internal.DefaultFileLockManager] Releasing lock on daemon addresses registry.
2026-07-17T10:40:54.487-0400 [DEBUG] [org.gradle.cache.internal.DefaultFileLockManager] Waiting to acquire shared lock on daemon addresses registry.
2026-07-17T10:40:54.487-0400 [DEBUG] [org.gradle.cache.internal.DefaultFileLockManager] Lock acquired on daemon addresses registry.
2026-07-17T10:40:54.488-0400 [DEBUG] [org.gradle.cache.internal.DefaultFileLockManager] Releasing lock on daemon addresses registry.
2026-07-17T10:40:54.490-0400 [DEBUG] [org.gradle.cache.internal.DefaultFileLockManager] Waiting to acquire shared lock on daemon addresses registry.
2026-07-17T10:40:54.490-0400 [DEBUG] [org.gradle.cache.internal.DefaultFileLockManager] Lock acquired on daemon addresses registry.
2026-07-17T10:40:54.490-0400 [DEBUG] [org.gradle.cache.internal.DefaultFileLockManager] Releasing lock on daemon addresses registry.
2026-07-17T10:41:04.477-0400 [DEBUG] [org.gradle.cache.internal.DefaultFileLockManager] Waiting to acquire shared lock on daemon addresses registry.
2026-07-17T10:41:04.477-0400 [DEBUG] [org.gradle.cache.internal.DefaultFileLockManager] Lock acquired on daemon addresses registry.
2026-07-17T10:41:04.478-0400 [DEBUG] [org.gradle.cache.internal.DefaultFileLockManager] Releasing lock on daemon addresses registry.
2026-07-17T10:41:04.480-0400 [DEBUG] [org.gradle.cache.internal.DefaultFileLockManager] Waiting to acquire shared lock on daemon addresses registry.
2026-07-17T10:41:04.480-0400 [DEBUG] [org.gradle.cache.internal.DefaultFileLockManager] Lock acquired on daemon addresses registry.
2026-07-17T10:41:04.481-0400 [DEBUG] [org.gradle.cache.internal.DefaultFileLockManager] Releasing lock on daemon addresses registry.
2026-07-17T10:41:04.483-0400 [DEBUG] [org.gradle.cache.internal.DefaultFileLockManager] Waiting to acquire shared lock on daemon addresses registry.
2026-07-17T10:41:04.484-0400 [DEBUG] [org.gradle.cache.internal.DefaultFileLockManager] Lock acquired on daemon addresses registry.
2026-07-17T10:41:04.484-0400 [DEBUG] [org.gradle.cache.internal.DefaultFileLockManager] Releasing lock on daemon addresses registry.
2026-07-17T10:41:14.487-0400 [DEBUG] [org.gradle.cache.internal.DefaultFileLockManager] Waiting to acquire shared lock on daemon addresses registry.
2026-07-17T10:41:14.487-0400 [DEBUG] [org.gradle.cache.internal.DefaultFileLockManager] Lock acquired on daemon addresses registry.
2026-07-17T10:41:14.488-0400 [DEBUG] [org.gradle.cache.internal.DefaultFileLockManager] Releasing lock on daemon addresses registry.
2026-07-17T10:41:14.491-0400 [DEBUG] [org.gradle.cache.internal.DefaultFileLockManager] Waiting to acquire shared lock on daemon addresses registry.
2026-07-17T10:41:14.491-0400 [DEBUG] [org.gradle.cache.internal.DefaultFileLockManager] Lock acquired on daemon addresses registry.
2026-07-17T10:41:14.492-0400 [DEBUG] [org.gradle.cache.internal.DefaultFileLockManager] Releasing lock on daemon addresses registry.
2026-07-17T10:41:14.494-0400 [DEBUG] [org.gradle.cache.internal.DefaultFileLockManager] Waiting to acquire shared lock on daemon addresses registry.
2026-07-17T10:41:14.494-0400 [DEBUG] [org.gradle.cache.internal.DefaultFileLockManager] Lock acquired on daemon addresses registry.
2026-07-17T10:41:14.495-0400 [DEBUG] [org.gradle.cache.internal.DefaultFileLockManager] Releasing lock on daemon addresses registry.
2026-07-17T10:41:24.483-0400 [DEBUG] [org.gradle.cache.internal.DefaultFileLockManager] Waiting to acquire shared lock on daemon addresses registry.
2026-07-17T10:41:24.484-0400 [DEBUG] [org.gradle.cache.internal.DefaultFileLockManager] Lock acquired on daemon addresses registry.
2026-07-17T10:41:24.484-0400 [DEBUG] [org.gradle.cache.internal.DefaultFileLockManager] Releasing lock on daemon addresses registry.
2026-07-17T10:41:24.485-0400 [DEBUG] [org.gradle.cache.internal.DefaultFileLockManager] Waiting to acquire shared lock on daemon addresses registry.
2026-07-17T10:41:24.485-0400 [DEBUG] [org.gradle.cache.internal.DefaultFileLockManager] Lock acquired on daemon addresses registry.
2026-07-17T10:41:24.485-0400 [DEBUG] [org.gradle.cache.internal.DefaultFileLockManager] Releasing lock on daemon addresses registry.
2026-07-17T10:41:24.488-0400 [DEBUG] [org.gradle.cache.internal.DefaultFileLockManager] Waiting to acquire shared lock on daemon addresses registry.
2026-07-17T10:41:24.488-0400 [DEBUG] [org.gradle.cache.internal.DefaultFileLockManager] Lock acquired on daemon addresses registry.
2026-07-17T10:41:24.489-0400 [DEBUG] [org.gradle.cache.internal.DefaultFileLockManager] Releasing lock on daemon addresses registry.
2026-07-17T10:41:34.485-0400 [DEBUG] [org.gradle.cache.internal.DefaultFileLockManager] Waiting to acquire shared lock on daemon addresses registry.
2026-07-17T10:41:34.485-0400 [DEBUG] [org.gradle.cache.internal.DefaultFileLockManager] Lock acquired on daemon addresses registry.
2026-07-17T10:41:34.486-0400 [DEBUG] [org.gradle.cache.internal.DefaultFileLockManager] Releasing lock on daemon addresses registry.
2026-07-17T10:41:34.489-0400 [DEBUG] [org.gradle.cache.internal.DefaultFileLockManager] Waiting to acquire shared lock on daemon addresses registry.
2026-07-17T10:41:34.489-0400 [DEBUG] [org.gradle.cache.internal.DefaultFileLockManager] Lock acquired on daemon addresses registry.
2026-07-17T10:41:34.490-0400 [DEBUG] [org.gradle.cache.internal.DefaultFileLockManager] Releasing lock on daemon addresses registry.
2026-07-17T10:41:34.492-0400 [DEBUG] [org.gradle.cache.internal.DefaultFileLockManager] Waiting to acquire shared lock on daemon addresses registry.
2026-07-17T10:41:34.492-0400 [DEBUG] [org.gradle.cache.internal.DefaultFileLockManager] Lock acquired on daemon addresses registry.
2026-07-17T10:41:34.493-0400 [DEBUG] [org.gradle.cache.internal.DefaultFileLockManager] Releasing lock on daemon addresses registry.
2026-07-17T10:41:44.486-0400 [DEBUG] [org.gradle.cache.internal.DefaultFileLockManager] Waiting to acquire shared lock on daemon addresses registry.
2026-07-17T10:41:44.487-0400 [DEBUG] [org.gradle.cache.internal.DefaultFileLockManager] Lock acquired on daemon addresses registry.
2026-07-17T10:41:44.487-0400 [DEBUG] [org.gradle.cache.internal.DefaultFileLockManager] Releasing lock on daemon addresses registry.
2026-07-17T10:41:44.489-0400 [DEBUG] [org.gradle.cache.internal.DefaultFileLockManager] Waiting to acquire shared lock on daemon addresses registry.
2026-07-17T10:41:44.489-0400 [DEBUG] [org.gradle.cache.internal.DefaultFileLockManager] Lock acquired on daemon addresses registry.
2026-07-17T10:41:44.489-0400 [DEBUG] [org.gradle.cache.internal.DefaultFileLockManager] Releasing lock on daemon addresses registry.
2026-07-17T10:41:44.491-0400 [DEBUG] [org.gradle.cache.internal.DefaultFileLockManager] Waiting to acquire shared lock on daemon addresses registry.
2026-07-17T10:41:44.491-0400 [DEBUG] [org.gradle.cache.internal.DefaultFileLockManager] Lock acquired on daemon addresses registry.
2026-07-17T10:41:44.491-0400 [DEBUG] [org.gradle.cache.internal.DefaultFileLockManager] Releasing lock on daemon addresses registry.
2026-07-17T10:41:54.490-0400 [DEBUG] [org.gradle.cache.internal.DefaultFileLockManager] Waiting to acquire shared lock on daemon addresses registry.
2026-07-17T10:41:54.490-0400 [DEBUG] [org.gradle.cache.internal.DefaultFileLockManager] Lock acquired on daemon addresses registry.
2026-07-17T10:41:54.491-0400 [DEBUG] [org.gradle.cache.internal.DefaultFileLockManager] Releasing lock on daemon addresses registry.
2026-07-17T10:41:54.492-0400 [DEBUG] [org.gradle.cache.internal.DefaultFileLockManager] Waiting to acquire shared lock on daemon addresses registry.
2026-07-17T10:41:54.493-0400 [DEBUG] [org.gradle.cache.internal.DefaultFileLockManager] Lock acquired on daemon addresses registry.
2026-07-17T10:41:54.493-0400 [DEBUG] [org.gradle.cache.internal.DefaultFileLockManager] Releasing lock on daemon addresses registry.
2026-07-17T10:41:54.494-0400 [DEBUG] [org.gradle.cache.internal.DefaultFileLockManager] Waiting to acquire shared lock on daemon addresses registry.
2026-07-17T10:41:54.494-0400 [DEBUG] [org.gradle.cache.internal.DefaultFileLockManager] Lock acquired on daemon addresses registry.
2026-07-17T10:41:54.495-0400 [DEBUG] [org.gradle.cache.internal.DefaultFileLockManager] Releasing lock on daemon addresses registry.
2026-07-17T10:42:04.511-0400 [DEBUG] [org.gradle.cache.internal.DefaultFileLockManager] Waiting to acquire shared lock on daemon addresses registry.
2026-07-17T10:42:04.512-0400 [DEBUG] [org.gradle.cache.internal.DefaultFileLockManager] Lock acquired on daemon addresses registry.
2026-07-17T10:42:04.512-0400 [DEBUG] [org.gradle.cache.internal.DefaultFileLockManager] Releasing lock on daemon addresses registry.
2026-07-17T10:42:04.514-0400 [DEBUG] [org.gradle.cache.internal.DefaultFileLockManager] Waiting to acquire shared lock on daemon addresses registry.
2026-07-17T10:42:04.515-0400 [DEBUG] [org.gradle.cache.internal.DefaultFileLockManager] Lock acquired on daemon addresses registry.
2026-07-17T10:42:04.515-0400 [DEBUG] [org.gradle.cache.internal.DefaultFileLockManager] Releasing lock on daemon addresses registry.
2026-07-17T10:42:04.517-0400 [DEBUG] [org.gradle.cache.internal.DefaultFileLockManager] Waiting to acquire shared lock on daemon addresses registry.
2026-07-17T10:42:04.517-0400 [DEBUG] [org.gradle.cache.internal.DefaultFileLockManager] Lock acquired on daemon addresses registry.
2026-07-17T10:42:04.517-0400 [DEBUG] [org.gradle.cache.internal.DefaultFileLockManager] Releasing lock on daemon addresses registry.
2026-07-17T10:42:14.482-0400 [DEBUG] [org.gradle.cache.internal.DefaultFileLockManager] Waiting to acquire shared lock on daemon addresses registry.
2026-07-17T10:42:14.482-0400 [DEBUG] [org.gradle.cache.internal.DefaultFileLockManager] Lock acquired on daemon addresses registry.
2026-07-17T10:42:14.483-0400 [DEBUG] [org.gradle.cache.internal.DefaultFileLockManager] Releasing lock on daemon addresses registry.
2026-07-17T10:42:14.485-0400 [DEBUG] [org.gradle.cache.internal.DefaultFileLockManager] Waiting to acquire shared lock on daemon addresses registry.
2026-07-17T10:42:14.485-0400 [DEBUG] [org.gradle.cache.internal.DefaultFileLockManager] Lock acquired on daemon addresses registry.
2026-07-17T10:42:14.485-0400 [DEBUG] [org.gradle.cache.internal.DefaultFileLockManager] Releasing lock on daemon addresses registry.
2026-07-17T10:42:14.487-0400 [DEBUG] [org.gradle.cache.internal.DefaultFileLockManager] Waiting to acquire shared lock on daemon addresses registry.
2026-07-17T10:42:14.487-0400 [DEBUG] [org.gradle.cache.internal.DefaultFileLockManager] Lock acquired on daemon addresses registry.
2026-07-17T10:42:14.488-0400 [DEBUG] [org.gradle.cache.internal.DefaultFileLockManager] Releasing lock on daemon addresses registry.
2026-07-17T10:42:24.477-0400 [DEBUG] [org.gradle.cache.internal.DefaultFileLockManager] Waiting to acquire shared lock on daemon addresses registry.
2026-07-17T10:42:24.478-0400 [DEBUG] [org.gradle.cache.internal.DefaultFileLockManager] Lock acquired on daemon addresses registry.
2026-07-17T10:42:24.478-0400 [DEBUG] [org.gradle.cache.internal.DefaultFileLockManager] Releasing lock on daemon addresses registry.
2026-07-17T10:42:24.479-0400 [DEBUG] [org.gradle.cache.internal.DefaultFileLockManager] Waiting to acquire shared lock on daemon addresses registry.
2026-07-17T10:42:24.479-0400 [DEBUG] [org.gradle.cache.internal.DefaultFileLockManager] Lock acquired on daemon addresses registry.
2026-07-17T10:42:24.479-0400 [DEBUG] [org.gradle.cache.internal.DefaultFileLockManager] Releasing lock on daemon addresses registry.
2026-07-17T10:42:24.480-0400 [DEBUG] [org.gradle.cache.internal.DefaultFileLockManager] Waiting to acquire shared lock on daemon addresses registry.
2026-07-17T10:42:24.480-0400 [DEBUG] [org.gradle.cache.internal.DefaultFileLockManager] Lock acquired on daemon addresses registry.
2026-07-17T10:42:24.480-0400 [DEBUG] [org.gradle.cache.internal.DefaultFileLockManager] Releasing lock on daemon addresses registry.
2026-07-17T10:42:34.479-0400 [DEBUG] [org.gradle.cache.internal.DefaultFileLockManager] Waiting to acquire shared lock on daemon addresses registry.
2026-07-17T10:42:34.479-0400 [DEBUG] [org.gradle.cache.internal.DefaultFileLockManager] Lock acquired on daemon addresses registry.
2026-07-17T10:42:34.480-0400 [DEBUG] [org.gradle.cache.internal.DefaultFileLockManager] Releasing lock on daemon addresses registry.
2026-07-17T10:42:34.482-0400 [DEBUG] [org.gradle.cache.internal.DefaultFileLockManager] Waiting to acquire shared lock on daemon addresses registry.
2026-07-17T10:42:34.482-0400 [DEBUG] [org.gradle.cache.internal.DefaultFileLockManager] Lock acquired on daemon addresses registry.
2026-07-17T10:42:34.483-0400 [DEBUG] [org.gradle.cache.internal.DefaultFileLockManager] Releasing lock on daemon addresses registry.
2026-07-17T10:42:34.484-0400 [DEBUG] [org.gradle.cache.internal.DefaultFileLockManager] Waiting to acquire shared lock on daemon addresses registry.
2026-07-17T10:42:34.485-0400 [DEBUG] [org.gradle.cache.internal.DefaultFileLockManager] Lock acquired on daemon addresses registry.
2026-07-17T10:42:34.485-0400 [DEBUG] [org.gradle.cache.internal.DefaultFileLockManager] Releasing lock on daemon addresses registry.
2026-07-17T10:42:44.491-0400 [DEBUG] [org.gradle.cache.internal.DefaultFileLockManager] Waiting to acquire shared lock on daemon addresses registry.
2026-07-17T10:42:44.492-0400 [DEBUG] [org.gradle.cache.internal.DefaultFileLockManager] Lock acquired on daemon addresses registry.
2026-07-17T10:42:44.492-0400 [DEBUG] [org.gradle.cache.internal.DefaultFileLockManager] Releasing lock on daemon addresses registry.
2026-07-17T10:42:44.494-0400 [DEBUG] [org.gradle.cache.internal.DefaultFileLockManager] Waiting to acquire shared lock on daemon addresses registry.
2026-07-17T10:42:44.494-0400 [DEBUG] [org.gradle.cache.internal.DefaultFileLockManager] Lock acquired on daemon addresses registry.
2026-07-17T10:42:44.494-0400 [DEBUG] [org.gradle.cache.internal.DefaultFileLockManager] Releasing lock on daemon addresses registry.
2026-07-17T10:42:44.495-0400 [DEBUG] [org.gradle.cache.internal.DefaultFileLockManager] Waiting to acquire shared lock on daemon addresses registry.
2026-07-17T10:42:44.495-0400 [DEBUG] [org.gradle.cache.internal.DefaultFileLockManager] Lock acquired on daemon addresses registry.
2026-07-17T10:42:44.495-0400 [DEBUG] [org.gradle.cache.internal.DefaultFileLockManager] Releasing lock on daemon addresses registry.
2026-07-17T10:42:54.486-0400 [DEBUG] [org.gradle.cache.internal.DefaultFileLockManager] Waiting to acquire shared lock on daemon addresses registry.
2026-07-17T10:42:54.486-0400 [DEBUG] [org.gradle.cache.internal.DefaultFileLockManager] Lock acquired on daemon addresses registry.
2026-07-17T10:42:54.487-0400 [DEBUG] [org.gradle.cache.internal.DefaultFileLockManager] Releasing lock on daemon addresses registry.
2026-07-17T10:42:54.489-0400 [DEBUG] [org.gradle.cache.internal.DefaultFileLockManager] Waiting to acquire shared lock on daemon addresses registry.
2026-07-17T10:42:54.489-0400 [DEBUG] [org.gradle.cache.internal.DefaultFileLockManager] Lock acquired on daemon addresses registry.
2026-07-17T10:42:54.489-0400 [DEBUG] [org.gradle.cache.internal.DefaultFileLockManager] Releasing lock on daemon addresses registry.
2026-07-17T10:42:54.491-0400 [DEBUG] [org.gradle.cache.internal.DefaultFileLockManager] Waiting to acquire shared lock on daemon addresses registry.
2026-07-17T10:42:54.491-0400 [DEBUG] [org.gradle.cache.internal.DefaultFileLockManager] Lock acquired on daemon addresses registry.
2026-07-17T10:42:54.492-0400 [DEBUG] [org.gradle.cache.internal.DefaultFileLockManager] Releasing lock on daemon addresses registry.
2026-07-17T10:43:04.491-0400 [DEBUG] [org.gradle.cache.internal.DefaultFileLockManager] Waiting to acquire shared lock on daemon addresses registry.
2026-07-17T10:43:04.492-0400 [DEBUG] [org.gradle.cache.internal.DefaultFileLockManager] Lock acquired on daemon addresses registry.
2026-07-17T10:43:04.493-0400 [DEBUG] [org.gradle.cache.internal.DefaultFileLockManager] Releasing lock on daemon addresses registry.
2026-07-17T10:43:04.495-0400 [DEBUG] [org.gradle.cache.internal.DefaultFileLockManager] Waiting to acquire shared lock on daemon addresses registry.
2026-07-17T10:43:04.495-0400 [DEBUG] [org.gradle.cache.internal.DefaultFileLockManager] Lock acquired on daemon addresses registry.
2026-07-17T10:43:04.496-0400 [DEBUG] [org.gradle.cache.internal.DefaultFileLockManager] Releasing lock on daemon addresses registry.
2026-07-17T10:43:04.499-0400 [DEBUG] [org.gradle.cache.internal.DefaultFileLockManager] Waiting to acquire shared lock on daemon addresses registry.
2026-07-17T10:43:04.499-0400 [DEBUG] [org.gradle.cache.internal.DefaultFileLockManager] Lock acquired on daemon addresses registry.
2026-07-17T10:43:04.500-0400 [DEBUG] [org.gradle.cache.internal.DefaultFileLockManager] Releasing lock on daemon addresses registry.
2026-07-17T10:43:14.482-0400 [DEBUG] [org.gradle.cache.internal.DefaultFileLockManager] Waiting to acquire shared lock on daemon addresses registry.
2026-07-17T10:43:14.482-0400 [DEBUG] [org.gradle.cache.internal.DefaultFileLockManager] Lock acquired on daemon addresses registry.
2026-07-17T10:43:14.482-0400 [DEBUG] [org.gradle.cache.internal.DefaultFileLockManager] Releasing lock on daemon addresses registry.
2026-07-17T10:43:14.485-0400 [DEBUG] [org.gradle.cache.internal.DefaultFileLockManager] Waiting to acquire shared lock on daemon addresses registry.
2026-07-17T10:43:14.485-0400 [DEBUG] [org.gradle.cache.internal.DefaultFileLockManager] Lock acquired on daemon addresses registry.
2026-07-17T10:43:14.486-0400 [DEBUG] [org.gradle.cache.internal.DefaultFileLockManager] Releasing lock on daemon addresses registry.
2026-07-17T10:43:14.488-0400 [DEBUG] [org.gradle.cache.internal.DefaultFileLockManager] Waiting to acquire shared lock on daemon addresses registry.
2026-07-17T10:43:14.488-0400 [DEBUG] [org.gradle.cache.internal.DefaultFileLockManager] Lock acquired on daemon addresses registry.
2026-07-17T10:43:14.489-0400 [DEBUG] [org.gradle.cache.internal.DefaultFileLockManager] Releasing lock on daemon addresses registry.
2026-07-17T10:43:24.478-0400 [DEBUG] [org.gradle.cache.internal.DefaultFileLockManager] Waiting to acquire shared lock on daemon addresses registry.
2026-07-17T10:43:24.478-0400 [DEBUG] [org.gradle.cache.internal.DefaultFileLockManager] Lock acquired on daemon addresses registry.
2026-07-17T10:43:24.479-0400 [DEBUG] [org.gradle.cache.internal.DefaultFileLockManager] Releasing lock on daemon addresses registry.
2026-07-17T10:43:24.482-0400 [DEBUG] [org.gradle.cache.internal.DefaultFileLockManager] Waiting to acquire shared lock on daemon addresses registry.
2026-07-17T10:43:24.482-0400 [DEBUG] [org.gradle.cache.internal.DefaultFileLockManager] Lock acquired on daemon addresses registry.
2026-07-17T10:43:24.483-0400 [DEBUG] [org.gradle.cache.internal.DefaultFileLockManager] Releasing lock on daemon addresses registry.
2026-07-17T10:43:24.486-0400 [DEBUG] [org.gradle.cache.internal.DefaultFileLockManager] Waiting to acquire shared lock on daemon addresses registry.
2026-07-17T10:43:24.487-0400 [DEBUG] [org.gradle.cache.internal.DefaultFileLockManager] Lock acquired on daemon addresses registry.
2026-07-17T10:43:24.488-0400 [DEBUG] [org.gradle.cache.internal.DefaultFileLockManager] Releasing lock on daemon addresses registry.
2026-07-17T10:43:34.489-0400 [DEBUG] [org.gradle.cache.internal.DefaultFileLockManager] Waiting to acquire shared lock on daemon addresses registry.
2026-07-17T10:43:34.490-0400 [DEBUG] [org.gradle.cache.internal.DefaultFileLockManager] Lock acquired on daemon addresses registry.
2026-07-17T10:43:34.491-0400 [DEBUG] [org.gradle.cache.internal.DefaultFileLockManager] Releasing lock on daemon addresses registry.
2026-07-17T10:43:34.493-0400 [DEBUG] [org.gradle.cache.internal.DefaultFileLockManager] Waiting to acquire shared lock on daemon addresses registry.
2026-07-17T10:43:34.493-0400 [DEBUG] [org.gradle.cache.internal.DefaultFileLockManager] Lock acquired on daemon addresses registry.
2026-07-17T10:43:34.493-0400 [DEBUG] [org.gradle.cache.internal.DefaultFileLockManager] Releasing lock on daemon addresses registry.
2026-07-17T10:43:34.495-0400 [DEBUG] [org.gradle.cache.internal.DefaultFileLockManager] Waiting to acquire shared lock on daemon addresses registry.
2026-07-17T10:43:34.495-0400 [DEBUG] [org.gradle.cache.internal.DefaultFileLockManager] Lock acquired on daemon addresses registry.
2026-07-17T10:43:34.495-0400 [DEBUG] [org.gradle.cache.internal.DefaultFileLockManager] Releasing lock on daemon addresses registry.
2026-07-17T10:43:44.487-0400 [DEBUG] [org.gradle.cache.internal.DefaultFileLockManager] Waiting to acquire shared lock on daemon addresses registry.
2026-07-17T10:43:44.488-0400 [DEBUG] [org.gradle.cache.internal.DefaultFileLockManager] Lock acquired on daemon addresses registry.
2026-07-17T10:43:44.488-0400 [DEBUG] [org.gradle.cache.internal.DefaultFileLockManager] Releasing lock on daemon addresses registry.
2026-07-17T10:43:44.491-0400 [DEBUG] [org.gradle.cache.internal.DefaultFileLockManager] Waiting to acquire shared lock on daemon addresses registry.
2026-07-17T10:43:44.491-0400 [DEBUG] [org.gradle.cache.internal.DefaultFileLockManager] Lock acquired on daemon addresses registry.
2026-07-17T10:43:44.492-0400 [DEBUG] [org.gradle.cache.internal.DefaultFileLockManager] Releasing lock on daemon addresses registry.
2026-07-17T10:43:44.494-0400 [DEBUG] [org.gradle.cache.internal.DefaultFileLockManager] Waiting to acquire shared lock on daemon addresses registry.
2026-07-17T10:43:44.494-0400 [DEBUG] [org.gradle.cache.internal.DefaultFileLockManager] Lock acquired on daemon addresses registry.
2026-07-17T10:43:44.494-0400 [DEBUG] [org.gradle.cache.internal.DefaultFileLockManager] Releasing lock on daemon addresses registry.
2026-07-17T10:43:54.490-0400 [DEBUG] [org.gradle.cache.internal.DefaultFileLockManager] Waiting to acquire shared lock on daemon addresses registry.
2026-07-17T10:43:54.491-0400 [DEBUG] [org.gradle.cache.internal.DefaultFileLockManager] Lock acquired on daemon addresses registry.
2026-07-17T10:43:54.491-0400 [DEBUG] [org.gradle.cache.internal.DefaultFileLockManager] Releasing lock on daemon addresses registry.
2026-07-17T10:43:54.492-0400 [DEBUG] [org.gradle.cache.internal.DefaultFileLockManager] Waiting to acquire shared lock on daemon addresses registry.
2026-07-17T10:43:54.493-0400 [DEBUG] [org.gradle.cache.internal.DefaultFileLockManager] Lock acquired on daemon addresses registry.
2026-07-17T10:43:54.493-0400 [DEBUG] [org.gradle.cache.internal.DefaultFileLockManager] Releasing lock on daemon addresses registry.
2026-07-17T10:43:54.494-0400 [DEBUG] [org.gradle.cache.internal.DefaultFileLockManager] Waiting to acquire shared lock on daemon addresses registry.
2026-07-17T10:43:54.494-0400 [DEBUG] [org.gradle.cache.internal.DefaultFileLockManager] Lock acquired on daemon addresses registry.
2026-07-17T10:43:54.494-0400 [DEBUG] [org.gradle.cache.internal.DefaultFileLockManager] Releasing lock on daemon addresses registry.
2026-07-17T10:43:57.622-0400 [DEBUG] [org.gradle.internal.remote.internal.inet.TcpIncomingConnector] Accepted connection from /127.0.0.1:61613 to /127.0.0.1:52852.
2026-07-17T10:43:57.638-0400 [DEBUG] [org.gradle.launcher.daemon.server.SynchronizedDispatchConnection] thread 60: received class org.gradle.launcher.daemon.protocol.StopWhenIdle
2026-07-17T10:43:57.638-0400 [DEBUG] [org.gradle.launcher.daemon.server.DefaultDaemonConnection] thread 60: Received non-IO message from client: StopWhenIdle[id=58def8f1-e350-4c6d-a615-334c4cd93e2f]
2026-07-17T10:43:57.638-0400 [INFO] [org.gradle.launcher.daemon.server.DefaultIncomingConnectionHandler] Received command: StopWhenIdle[id=58def8f1-e350-4c6d-a615-334c4cd93e2f].
2026-07-17T10:43:57.638-0400 [DEBUG] [org.gradle.launcher.daemon.server.DefaultIncomingConnectionHandler] Starting executing command: StopWhenIdle[id=58def8f1-e350-4c6d-a615-334c4cd93e2f] with connection: socket connection from /127.0.0.1:52852 to /127.0.0.1:61613.
2026-07-17T10:43:57.638-0400 [DEBUG] [org.gradle.launcher.daemon.server.DaemonRegistryUpdater] Storing daemon stop event: stop command received
2026-07-17T10:43:57.639-0400 [DEBUG] [org.gradle.launcher.daemon.registry.PersistentDaemonRegistry] Storing daemon stop event with timestamp 1784299437639
2026-07-17T10:43:57.640-0400 [DEBUG] [org.gradle.cache.internal.DefaultFileLockManager] Waiting to acquire exclusive lock on daemon addresses registry.
2026-07-17T10:43:57.641-0400 [DEBUG] [org.gradle.cache.internal.DefaultFileLockManager] Lock acquired on daemon addresses registry.
2026-07-17T10:43:57.643-0400 [DEBUG] [org.gradle.cache.internal.DefaultFileLockManager] Releasing lock on daemon addresses registry.
2026-07-17T10:43:57.643-0400 [LIFECYCLE] [org.gradle.launcher.daemon.server.DaemonStateCoordinator] Daemon will be stopped at the end of the build stop command received
2026-07-17T10:43:57.644-0400 [DEBUG] [org.gradle.launcher.daemon.server.DaemonStateCoordinator] Marking daemon stopped due to stop command received. The daemon is running a build: false
2026-07-17T10:43:57.644-0400 [DEBUG] [org.gradle.launcher.daemon.server.SynchronizedDispatchConnection] thread 59: dispatching Success[value=null]
2026-07-17T10:43:57.644-0400 [DEBUG] [org.gradle.launcher.daemon.server.DaemonStateCoordinator] daemon has stopped.
2026-07-17T10:43:57.644-0400 [DEBUG] [org.gradle.launcher.daemon.server.Daemon] stop() called on daemon
2026-07-17T10:43:57.644-0400 [DEBUG] [org.gradle.launcher.daemon.server.DefaultIncomingConnectionHandler] Finishing executing command: StopWhenIdle[id=58def8f1-e350-4c6d-a615-334c4cd93e2f]
2026-07-17T10:43:57.644-0400 [DEBUG] [org.gradle.launcher.daemon.server.SynchronizedDispatchConnection] thread 60: received class org.gradle.launcher.daemon.protocol.Finished
2026-07-17T10:43:57.644-0400 [DEBUG] [org.gradle.launcher.daemon.server.DefaultDaemonConnection] thread 60: Received non-IO message from client: org.gradle.launcher.daemon.protocol.Finished@3f3d9b74
2026-07-17T10:43:57.644-0400 [INFO] [org.gradle.launcher.daemon.server.Daemon] Stop requested. Daemon is removing its presence from the registry...
2026-07-17T10:43:57.645-0400 [DEBUG] [org.gradle.launcher.daemon.server.DaemonRegistryUpdater] Removing our presence to clients, eg. removing this address from the registry: [c7569731-aaec-4661-801a-8672de323602 port:52852, addresses:[localhost/127.0.0.1]]
2026-07-17T10:43:57.645-0400 [DEBUG] [org.gradle.internal.remote.internal.inet.SocketConnection] Discarding EOFException: java.io.EOFException
2026-07-17T10:43:57.645-0400 [DEBUG] [org.gradle.launcher.daemon.server.SynchronizedDispatchConnection] thread 60: received null
2026-07-17T10:43:57.645-0400 [DEBUG] [org.gradle.launcher.daemon.server.DefaultDaemonConnection] thread 60: Received end-of-input from client.
2026-07-17T10:43:57.645-0400 [DEBUG] [org.gradle.launcher.daemon.server.DefaultIncomingConnectionHandler] Received finished message: org.gradle.launcher.daemon.protocol.Finished@3f3d9b74
2026-07-17T10:43:57.645-0400 [DEBUG] [org.gradle.launcher.daemon.registry.PersistentDaemonRegistry] Removing daemon address: [c7569731-aaec-4661-801a-8672de323602 port:52852, addresses:[localhost/127.0.0.1]]
2026-07-17T10:43:57.645-0400 [DEBUG] [org.gradle.launcher.daemon.server.SynchronizedDispatchConnection] thread 59: stopping connection
2026-07-17T10:43:57.648-0400 [DEBUG] [org.gradle.launcher.daemon.server.SynchronizedDispatchConnection] thread 59: stopping connection
2026-07-17T10:43:57.662-0400 [DEBUG] [org.gradle.cache.internal.DefaultFileLockManager] Waiting to acquire exclusive lock on daemon addresses registry.
2026-07-17T10:43:57.662-0400 [DEBUG] [org.gradle.cache.internal.DefaultFileLockManager] Lock acquired on daemon addresses registry.
2026-07-17T10:43:57.679-0400 [DEBUG] [org.gradle.cache.internal.DefaultFileLockManager] Releasing lock on daemon addresses registry.
2026-07-17T10:43:57.679-0400 [DEBUG] [org.gradle.launcher.daemon.server.DaemonRegistryUpdater] Address removed from registry.
2026-07-17T10:43:57.681-0400 [DEBUG] [org.gradle.cache.internal.LockOnDemandCrossProcessCacheAccess] Releasing file lock for jars (C:\Users\vmunoz2\IdeaProjects\simpleTestAutomation\gradle\caches\jars-9)
2026-07-17T10:43:57.681-0400 [DEBUG] [org.gradle.cache.internal.DefaultFileLockManager] Releasing lock on jars (C:\Users\vmunoz2\IdeaProjects\simpleTestAutomation\gradle\caches\jars-9).
2026-07-17T10:43:57.682-0400 [DEBUG] [org.gradle.cache.internal.DefaultPersistentDirectoryStore] jars (C:\Users\vmunoz2\IdeaProjects\simpleTestAutomation\gradle\caches\jars-9) has last been fully cleaned up 39 hours ago
2026-07-17T10:43:57.691-0400 [INFO] [org.gradle.cache.internal.AbstractCacheCleanup] jars (C:\Users\vmunoz2\IdeaProjects\simpleTestAutomation\gradle\caches\jars-9) cleanup deleted 0 files/directories.
2026-07-17T10:43:57.691-0400 [INFO] [org.gradle.cache.internal.LeastRecentlyUsedCacheCleanup] jars (C:\Users\vmunoz2\IdeaProjects\simpleTestAutomation\gradle\caches\jars-9) removing files not accessed on or after Fri Jul 10 10:35:58 CLT 2026.
2026-07-17T10:43:57.700-0400 [INFO] [org.gradle.cache.internal.AbstractCacheCleanup] jars (C:\Users\vmunoz2\IdeaProjects\simpleTestAutomation\gradle\caches\jars-9) cleanup deleted 0 files/directories.
2026-07-17T10:43:57.701-0400 [INFO] [org.gradle.cache.internal.DefaultPersistentDirectoryStore] jars (C:\Users\vmunoz2\IdeaProjects\simpleTestAutomation\gradle\caches\jars-9) cleaned up in 0.018 secs.
2026-07-17T10:43:57.702-0400 [DEBUG] [org.gradle.cache.internal.DefaultPersistentDirectoryStore] Artifact transforms cache (C:\Users\vmunoz2\IdeaProjects\simpleTestAutomation\gradle\caches\transforms-3) has last been fully cleaned up 39 hours ago
2026-07-17T10:43:57.702-0400 [INFO] [org.gradle.cache.internal.LeastRecentlyUsedCacheCleanup] Artifact transforms cache (C:\Users\vmunoz2\IdeaProjects\simpleTestAutomation\gradle\caches\transforms-3) removing files not accessed on or after Fri Jul 10 10:35:58 CLT 2026.
2026-07-17T10:43:57.702-0400 [INFO] [org.gradle.cache.internal.AbstractCacheCleanup] Artifact transforms cache (C:\Users\vmunoz2\IdeaProjects\simpleTestAutomation\gradle\caches\transforms-3) cleanup deleted 0 files/directories.
2026-07-17T10:43:57.703-0400 [INFO] [org.gradle.cache.internal.DefaultPersistentDirectoryStore] Artifact transforms cache (C:\Users\vmunoz2\IdeaProjects\simpleTestAutomation\gradle\caches\transforms-3) cleaned up in 0.0 secs.
2026-07-17T10:43:57.703-0400 [DEBUG] [org.gradle.cache.internal.DefaultCacheCoordinator] Cache Artifact transforms cache (C:\Users\vmunoz2\IdeaProjects\simpleTestAutomation\gradle\caches\transforms-3) was closed 0 times.
2026-07-17T10:43:57.704-0400 [DEBUG] [org.gradle.cache.internal.LockOnDemandCrossProcessCacheAccess] Releasing file lock for file content cache (C:\Users\vmunoz2\IdeaProjects\simpleTestAutomation\gradle\caches\8.5\fileContent)
2026-07-17T10:43:57.704-0400 [DEBUG] [org.gradle.cache.internal.DefaultFileLockManager] Releasing lock on file content cache (C:\Users\vmunoz2\IdeaProjects\simpleTestAutomation\gradle\caches\8.5\fileContent).
2026-07-17T10:43:57.705-0400 [DEBUG] [org.gradle.internal.watch.vfs.impl.WatchingVirtualFileSystem] Closing VFS, dropping state
2026-07-17T10:43:57.707-0400 [DEBUG] [org.gradle.cache.internal.DefaultCacheCoordinator] Cache Generated Gradle JARs cache (C:\Users\vmunoz2\IdeaProjects\simpleTestAutomation\gradle\caches\8.5\generated-gradle-jars) was closed 0 times.
2026-07-17T10:43:57.707-0400 [DEBUG] [org.gradle.internal.watch.registry.impl.DefaultFileWatcherRegistry] Finished listening to file system change events
2026-07-17T10:43:57.708-0400 [DEBUG] [org.gradle.cache.internal.LockOnDemandCrossProcessCacheAccess] Releasing file lock for artifact cache (C:\Users\vmunoz2\IdeaProjects\simpleTestAutomation\gradle\caches\modules-2)
2026-07-17T10:43:57.708-0400 [DEBUG] [org.gradle.cache.internal.DefaultFileLockManager] Releasing lock on artifact cache (C:\Users\vmunoz2\IdeaProjects\simpleTestAutomation\gradle\caches\modules-2).
2026-07-17T10:43:57.709-0400 [DEBUG] [org.gradle.cache.internal.DefaultPersistentDirectoryStore] artifact cache (C:\Users\vmunoz2\IdeaProjects\simpleTestAutomation\gradle\caches\modules-2) has last been fully cleaned up 39 hours ago
2026-07-17T10:43:57.710-0400 [INFO] [org.gradle.cache.internal.AbstractCacheCleanup] artifact cache (C:\Users\vmunoz2\IdeaProjects\simpleTestAutomation\gradle\caches\modules-2) cleanup deleted 0 files/directories.
2026-07-17T10:43:57.711-0400 [INFO] [org.gradle.cache.internal.AbstractCacheCleanup] artifact cache (C:\Users\vmunoz2\IdeaProjects\simpleTestAutomation\gradle\caches\modules-2) [subdir: C:\Users\vmunoz2\IdeaProjects\simpleTestAutomation\gradle\caches\modules-2\resources-2.1] cleanup deleted 0 files/directories.
2026-07-17T10:43:57.711-0400 [INFO] [org.gradle.cache.internal.LeastRecentlyUsedCacheCleanup] artifact cache (C:\Users\vmunoz2\IdeaProjects\simpleTestAutomation\gradle\caches\modules-2) [subdir: C:\Users\vmunoz2\IdeaProjects\simpleTestAutomation\gradle\caches\modules-2\resources-2.1] removing files not accessed on or after Wed Jun 17 10:35:58 CLT 2026.
2026-07-17T10:43:57.711-0400 [INFO] [org.gradle.cache.internal.AbstractCacheCleanup] artifact cache (C:\Users\vmunoz2\IdeaProjects\simpleTestAutomation\gradle\caches\modules-2) [subdir: C:\Users\vmunoz2\IdeaProjects\simpleTestAutomation\gradle\caches\modules-2\resources-2.1] cleanup deleted 0 files/directories.
2026-07-17T10:43:57.712-0400 [INFO] [org.gradle.cache.internal.AbstractCacheCleanup] artifact cache (C:\Users\vmunoz2\IdeaProjects\simpleTestAutomation\gradle\caches\modules-2) [subdir: C:\Users\vmunoz2\IdeaProjects\simpleTestAutomation\gradle\caches\modules-2\files-2.1] cleanup deleted 0 files/directories.
2026-07-17T10:43:57.712-0400 [INFO] [org.gradle.cache.internal.LeastRecentlyUsedCacheCleanup] artifact cache (C:\Users\vmunoz2\IdeaProjects\simpleTestAutomation\gradle\caches\modules-2) [subdir: C:\Users\vmunoz2\IdeaProjects\simpleTestAutomation\gradle\caches\modules-2\files-2.1] removing files not accessed on or after Wed Jun 17 10:35:58 CLT 2026.
2026-07-17T10:43:57.841-0400 [INFO] [org.gradle.cache.internal.AbstractCacheCleanup] artifact cache (C:\Users\vmunoz2\IdeaProjects\simpleTestAutomation\gradle\caches\modules-2) [subdir: C:\Users\vmunoz2\IdeaProjects\simpleTestAutomation\gradle\caches\modules-2\files-2.1] cleanup deleted 0 files/directories.
2026-07-17T10:43:57.842-0400 [INFO] [org.gradle.cache.internal.AbstractCacheCleanup] artifact cache (C:\Users\vmunoz2\IdeaProjects\simpleTestAutomation\gradle\caches\modules-2) [subdir: C:\Users\vmunoz2\IdeaProjects\simpleTestAutomation\gradle\caches\modules-2\metadata-2.106] cleanup deleted 0 files/directories.
2026-07-17T10:43:57.843-0400 [INFO] [org.gradle.cache.internal.DefaultPersistentDirectoryStore] artifact cache (C:\Users\vmunoz2\IdeaProjects\simpleTestAutomation\gradle\caches\modules-2) cleaned up in 0.133 secs.
2026-07-17T10:43:57.843-0400 [DEBUG] [org.gradle.cache.internal.LockOnDemandCrossProcessCacheAccess] Releasing file lock for journal cache (C:\Users\vmunoz2\IdeaProjects\simpleTestAutomation\gradle\caches\journal-1)
2026-07-17T10:43:57.844-0400 [DEBUG] [org.gradle.cache.internal.btree.BTreePersistentIndexedCache] Closing cache file-access.bin (C:\Users\vmunoz2\IdeaProjects\simpleTestAutomation\gradle\caches\journal-1\file-access.bin)
2026-07-17T10:43:57.844-0400 [DEBUG] [org.gradle.cache.internal.DefaultFileLockManager] Releasing lock on journal cache (C:\Users\vmunoz2\IdeaProjects\simpleTestAutomation\gradle\caches\journal-1).
2026-07-17T10:43:57.845-0400 [DEBUG] [org.gradle.cache.internal.LockOnDemandCrossProcessCacheAccess] Releasing file lock for file hash cache (C:\Users\vmunoz2\IdeaProjects\simpleTestAutomation\gradle\caches\8.5\fileHashes)
2026-07-17T10:43:57.845-0400 [DEBUG] [org.gradle.cache.internal.btree.BTreePersistentIndexedCache] Closing cache fileHashes.bin (C:\Users\vmunoz2\IdeaProjects\simpleTestAutomation\gradle\caches\8.5\fileHashes\fileHashes.bin)
2026-07-17T10:43:57.845-0400 [DEBUG] [org.gradle.cache.internal.btree.BTreePersistentIndexedCache] Closing cache resourceHashesCache.bin (C:\Users\vmunoz2\IdeaProjects\simpleTestAutomation\gradle\caches\8.5\fileHashes\resourceHashesCache.bin)
2026-07-17T10:43:57.845-0400 [DEBUG] [org.gradle.cache.internal.DefaultFileLockManager] Releasing lock on file hash cache (C:\Users\vmunoz2\IdeaProjects\simpleTestAutomation\gradle\caches\8.5\fileHashes).
2026-07-17T10:43:57.846-0400 [DEBUG] [org.gradle.cache.internal.LockOnDemandCrossProcessCacheAccess] Releasing file lock for execution history cache (C:\Users\vmunoz2\IdeaProjects\simpleTestAutomation\gradle\caches\8.5\executionHistory)
2026-07-17T10:43:57.846-0400 [DEBUG] [org.gradle.cache.internal.DefaultFileLockManager] Releasing lock on execution history cache (C:\Users\vmunoz2\IdeaProjects\simpleTestAutomation\gradle\caches\8.5\executionHistory).
2026-07-17T10:43:57.852-0400 [DEBUG] [org.gradle.cache.internal.VersionSpecificCacheCleanupAction] Processed version-specific caches at C:\Users\vmunoz2\IdeaProjects\simpleTestAutomation\gradle\caches for cleanup in 0.004 secs
Daemon vm is shutting down... The daemon has exited normally or was terminated in response to a user interrupt.
2026-07-17T10:43:57.857-0400 [DEBUG] [org.gradle.launcher.daemon.registry.PersistentDaemonRegistry] Removing daemon address: [c7569731-aaec-4661-801a-8672de323602 port:52852, addresses:[localhost/127.0.0.1]]
2026-07-17T10:43:57.858-0400 [DEBUG] [org.gradle.cache.internal.DefaultFileLockManager] Waiting to acquire exclusive lock on daemon addresses registry.
2026-07-17T10:43:57.859-0400 [DEBUG] [org.gradle.cache.internal.DefaultFileLockManager] Lock acquired on daemon addresses registry.
2026-07-17T10:43:57.859-0400 [DEBUG] [org.gradle.cache.internal.DefaultFileLockManager] Releasing lock on daemon addresses registry.
